num_fesible,num_optimize,,,,,,,,,,,,,,,,,,
407,401,,,,,,,,,,,,,,,,,,
file_name,lb,ub,num_var,num_clause,num_consistency_clause,num_PB_clause,zero_lits,one_lits,two_lits,three_lits,four_lits,five_to_ten,more_than_ten,feasible,make_span,total_encoding_time,total_solving_time,optimized,timeout
data_set/j90.sm/j901_1.sm,73,73,27947,75466,15087,29184,0,1048,56927,17356,0,4,131,TRUE,73,114.68795,63.23033,TRUE,FALSE
data_set/j90.sm/j901_2.sm,92,92,44899,120591,22943,48920,0,1097,89921,29438,0,1,134,TRUE,92,192.61183,16.24487,TRUE,FALSE
data_set/j90.sm/j901_3.sm,66,66,27849,73726,13276,29452,0,877,54558,18156,0,1,134,TRUE,66,109.90397,39.34905,TRUE,FALSE
data_set/j90.sm/j901_4.sm,86,86,33493,92826,19593,33847,0,1058,70706,20927,0,0,135,TRUE,86,149.48954,116.28418,TRUE,FALSE
data_set/j90.sm/j901_5.sm,87,87,38886,104505,19439,41380,0,1063,78766,24541,0,0,135,TRUE,87,162.12048,23.83335,TRUE,FALSE
data_set/j90.sm/j901_6.sm,74,74,30842,82343,16414,34060,0,766,61598,19844,0,0,135,TRUE,74,137.49883,40.36545,TRUE,FALSE
data_set/j90.sm/j901_7.sm,91,91,34893,96820,20053,34739,0,1115,73653,21917,0,1,134,TRUE,91,150.34317,19.7731,TRUE,FALSE
data_set/j90.sm/j901_8.sm,95,95,39193,110361,24376,40215,0,1158,84678,24390,0,0,135,TRUE,95,169.85304,80.80481,TRUE,FALSE
data_set/j90.sm/j901_9.sm,72,72,31928,83431,15046,34283,0,965,62021,20310,0,1,134,TRUE,72,128.76575,29.30853,TRUE,FALSE
data_set/j90.sm/j901_10.sm,90,90,36592,100056,20739,38480,0,1084,75658,23179,1,7,127,TRUE,90,164.81779,37.11712,TRUE,FALSE
data_set/j90.sm/j902_1.sm,96,96,63112,160946,27519,79054,0,1098,114824,44889,0,0,135,TRUE,96,269.49522,41.57903,TRUE,FALSE
data_set/j90.sm/j902_2.sm,114,114,74027,191613,31658,87081,0,1539,138729,51210,0,0,135,TRUE,114,336.73009,36.48574,TRUE,FALSE
data_set/j90.sm/j902_3.sm,75,75,36129,92270,15959,43055,0,991,66845,24300,0,0,134,TRUE,75,139.1417,15.75266,TRUE,FALSE
data_set/j90.sm/j902_4.sm,70,70,35237,88469,14307,43257,0,934,62058,25342,0,0,135,TRUE,70,126.90352,16.40506,TRUE,FALSE
data_set/j90.sm/j902_5.sm,100,100,57831,151080,27345,69092,0,1180,109067,40698,0,0,135,TRUE,100,235.53643,35.90657,TRUE,FALSE
data_set/j90.sm/j902_6.sm,67,67,34661,85923,13429,41805,0,863,60710,24215,0,3,132,TRUE,67,124.64836,18.85816,TRUE,FALSE
data_set/j90.sm/j902_7.sm,92,92,52472,135842,24190,63845,0,1083,97375,37249,0,0,135,TRUE,92,208.82242,25.85379,TRUE,FALSE
data_set/j90.sm/j902_8.sm,82,82,33262,83599,15052,41867,0,853,58814,23811,0,0,121,TRUE,82,121.5134,14.63685,TRUE,FALSE
data_set/j90.sm/j902_9.sm,79,79,34256,86389,15016,41867,0,1000,62128,23133,0,5,123,TRUE,79,128.38042,12.26856,TRUE,FALSE
data_set/j90.sm/j902_10.sm,80,80,41876,107044,18374,50905,0,962,77837,28110,0,0,135,TRUE,80,154.1473,24.1166,TRUE,FALSE
data_set/j90.sm/j903_1.sm,81,81,51454,125723,17819,65844,0,996,87543,37049,0,2,133,TRUE,81,186.73524,26.85487,TRUE,FALSE
data_set/j90.sm/j903_2.sm,84,84,57232,141447,20421,72221,0,1196,99099,41017,0,3,132,TRUE,84,208.42391,32.54205,TRUE,FALSE
data_set/j90.sm/j903_3.sm,71,71,36024,88268,13855,46028,0,871,61685,25582,0,4,126,TRUE,71,127.90795,14.22548,TRUE,FALSE
data_set/j90.sm/j903_4.sm,104,104,65974,169051,28871,81819,0,1250,121857,45809,0,0,135,TRUE,104,283.3072,34.31358,TRUE,FALSE
data_set/j90.sm/j903_5.sm,75,75,41432,100479,15032,55577,0,869,67367,32108,0,7,128,TRUE,75,145.67601,19.78097,TRUE,FALSE
data_set/j90.sm/j903_6.sm,68,68,33247,81758,12420,40689,0,959,56793,23879,0,10,117,TRUE,68,133.85373,16.66618,TRUE,FALSE
data_set/j90.sm/j903_7.sm,87,87,55697,141690,22420,66023,0,1319,100729,39511,0,0,131,TRUE,87,232.54561,29.16405,TRUE,FALSE
data_set/j90.sm/j903_8.sm,86,86,49797,126776,20980,60284,0,1114,90308,35220,0,0,134,TRUE,86,192.35063,31.48139,TRUE,FALSE
data_set/j90.sm/j903_9.sm,61,61,30045,73220,11322,38528,0,682,50404,22004,0,1,129,TRUE,61,106.04631,17.57315,TRUE,FALSE
data_set/j90.sm/j903_10.sm,65,65,27663,68304,11354,34124,0,867,47311,19996,0,8,122,TRUE,65,99.33957,14.50504,TRUE,FALSE
data_set/j90.sm/j904_1.sm,93,93,70886,173118,25384,93993,0,1066,119789,52128,0,0,135,TRUE,93,273.62903,30.91966,TRUE,FALSE
data_set/j90.sm/j904_2.sm,89,89,59553,146741,22491,78291,0,1081,102188,43338,0,0,134,TRUE,89,215.27086,30.7285,TRUE,FALSE
data_set/j90.sm/j904_3.sm,67,67,38342,91606,13002,50162,0,893,61699,28886,0,11,117,TRUE,67,133.53828,20.10674,TRUE,FALSE
data_set/j90.sm/j904_4.sm,92,92,65742,160105,22941,88681,0,1220,108508,50242,0,5,130,TRUE,92,231.17519,38.46716,TRUE,FALSE
data_set/j90.sm/j904_5.sm,88,88,56508,142364,22987,70895,0,1221,99995,41013,0,1,134,TRUE,88,218.83057,35.26265,TRUE,FALSE
data_set/j90.sm/j904_6.sm,78,78,46015,110556,16405,60305,0,819,75365,34237,0,5,130,TRUE,78,155.02002,25.06767,TRUE,FALSE
data_set/j90.sm/j904_7.sm,80,80,40561,99518,16648,51004,0,755,68368,30260,0,0,135,TRUE,80,141.94452,19.28957,TRUE,FALSE
data_set/j90.sm/j904_8.sm,69,69,40232,96294,13133,50528,0,886,65520,29756,0,1,131,TRUE,69,139.8145,25.8776,TRUE,FALSE
data_set/j90.sm/j904_9.sm,79,79,40549,100521,15279,51174,0,1130,69426,29835,1,8,121,TRUE,79,148.14171,25.10637,TRUE,FALSE
data_set/j90.sm/j904_10.sm,68,68,39370,93823,13283,50422,0,896,62407,30386,0,0,134,TRUE,68,130.55852,24.15471,TRUE,FALSE
data_set/j90.sm/j905_1.sm,78,78,102711,228794,19367,167016,0,927,154318,73414,0,0,135,TRUE,78,308.96328,2973.3752,TRUE,FALSE
data_set/j90.sm/j905_2.sm,93,93,113526,256945,23843,181924,0,1257,178343,77210,0,0,135,TRUE,93,358.59713,6519.99876,TRUE,FALSE
data_set/j90.sm/j905_3.sm,82,87,106430,241561,22378,169901,0,976,168009,72441,0,0,135,FALSE,0,328.46774,0,FALSE,TRUE
data_set/j90.sm/j905_4.sm,101,103,134157,307605,31401,217180,0,1200,213538,92732,0,0,135,TRUE,103,896.147,211629.6351,FALSE,TRUE
data_set/j90.sm/j905_5.sm,107,111,139695,323251,33817,219966,0,1391,227501,94224,0,0,135,FALSE,0,477.33933,0,FALSE,TRUE
data_set/j90.sm/j905_6.sm,85,86,97328,220538,21099,155280,0,1066,151947,67390,0,0,135,TRUE,86,618.15336,1487734.996,FALSE,TRUE
data_set/j90.sm/j905_7.sm,105,107,139859,320834,30510,222950,0,1427,223907,95365,0,0,135,FALSE,0,468.53148,0,FALSE,TRUE
data_set/j90.sm/j905_8.sm,96,102,109135,251668,26762,173210,0,1124,176084,74325,0,0,135,FALSE,0,341.59571,0,FALSE,TRUE
data_set/j90.sm/j905_9.sm,113,115,123781,291146,33298,189562,0,1475,210002,79534,0,0,135,TRUE,115,898.95921,1122275.339,FALSE,TRUE
data_set/j90.sm/j905_10.sm,94,96,119220,271630,26467,192943,0,1181,189257,81057,0,0,135,FALSE,0,365.25114,0,FALSE,TRUE
data_set/j90.sm/j906_1.sm,82,82,112139,240626,15535,189647,0,1002,151055,88438,0,2,129,TRUE,82,310.99025,36.511,TRUE,FALSE
data_set/j90.sm/j906_2.sm,86,86,147606,319685,22285,252624,0,940,205879,112731,0,0,135,TRUE,86,407.99402,49.96405,TRUE,FALSE
data_set/j90.sm/j906_3.sm,77,77,106477,231937,17495,178601,0,998,152549,78256,0,0,134,TRUE,77,296.24492,359.35175,TRUE,FALSE
data_set/j90.sm/j906_4.sm,80,80,154094,329026,19202,267569,0,947,205294,122650,0,3,132,TRUE,80,415.27022,57.86638,TRUE,FALSE
data_set/j90.sm/j906_5.sm,71,71,93011,199753,13334,158154,0,997,127994,70634,0,4,124,TRUE,71,233.01351,47.08111,TRUE,FALSE
data_set/j90.sm/j906_6.sm,98,98,167519,365477,26267,283971,0,1170,235047,129125,0,4,131,TRUE,98,525.22363,56.57849,TRUE,FALSE
data_set/j90.sm/j906_7.sm,71,71,121508,256772,14366,212040,0,860,159145,96633,0,1,133,TRUE,71,320.44738,53.15446,TRUE,FALSE
data_set/j90.sm/j906_8.sm,68,68,84194,178850,11574,144211,0,853,113238,64627,0,11,121,TRUE,68,213.96852,248.6456,TRUE,FALSE
data_set/j90.sm/j906_9.sm,68,68,73714,156760,10364,125271,0,685,97771,58172,0,7,125,TRUE,68,186.28282,41.42954,TRUE,FALSE
data_set/j90.sm/j906_10.sm,94,94,166063,361518,26309,285714,0,1147,231464,128772,0,0,135,TRUE,94,492.60633,54.38907,TRUE,FALSE
data_set/j90.sm/j907_1.sm,88,88,145497,306917,16911,252544,0,1321,183841,121622,0,8,125,TRUE,88,392.22541,59.1578,TRUE,FALSE
data_set/j90.sm/j907_2.sm,77,77,164030,343517,17319,289442,0,874,205492,137016,0,3,132,TRUE,77,425.65265,78.69953,TRUE,FALSE
data_set/j90.sm/j907_3.sm,80,80,150022,316967,17622,262893,0,1011,194379,121444,0,0,133,TRUE,80,394.90576,52.30678,TRUE,FALSE
data_set/j90.sm/j907_4.sm,86,86,163550,349272,20729,283789,0,1106,218207,129827,0,0,132,TRUE,86,431.70416,53.57815,TRUE,FALSE
data_set/j90.sm/j907_5.sm,79,79,135305,285699,15953,234391,0,967,177356,107246,0,0,130,TRUE,79,357.41175,50.30533,TRUE,FALSE
data_set/j90.sm/j907_6.sm,90,90,178824,382415,22506,309743,0,1284,239415,141583,0,0,133,TRUE,90,518.03727,60.25915,TRUE,FALSE
data_set/j90.sm/j907_7.sm,90,90,214476,452034,22476,378540,0,1183,273660,177056,2,0,133,TRUE,90,564.93141,93.87406,TRUE,FALSE
data_set/j90.sm/j907_8.sm,60,60,93852,194794,9474,164350,0,832,115402,78430,0,21,109,TRUE,60,228.90409,47.47985,TRUE,FALSE
data_set/j90.sm/j907_9.sm,83,83,113896,244580,16931,193084,0,1068,154367,89014,0,0,131,TRUE,83,313.98801,38.32678,TRUE,FALSE
data_set/j90.sm/j907_10.sm,98,98,183272,391595,25055,319420,0,1125,241503,148832,0,0,135,TRUE,98,526.84835,78.37987,TRUE,FALSE
data_set/j90.sm/j908_1.sm,96,96,234264,494901,26443,415911,0,1196,297579,195991,0,0,135,TRUE,96,610.17397,98.0025,TRUE,FALSE
data_set/j90.sm/j908_2.sm,78,78,150017,314810,15274,262282,0,1069,191193,122413,0,1,134,TRUE,78,394.98905,56.47515,TRUE,FALSE
data_set/j90.sm/j908_3.sm,70,70,145607,301433,14285,256929,0,833,175867,124598,0,8,127,TRUE,70,379.11539,64.72559,TRUE,FALSE
data_set/j90.sm/j908_4.sm,77,77,127102,267771,15523,222054,0,1035,160222,106382,0,3,129,TRUE,77,335.40968,56.09901,TRUE,FALSE
data_set/j90.sm/j908_5.sm,63,63,131333,270344,12598,232829,0,664,155507,114038,0,2,133,TRUE,63,309.78949,55.80856,TRUE,FALSE
data_set/j90.sm/j908_6.sm,70,70,113839,236006,12917,197822,0,773,138155,96944,0,1,133,TRUE,70,272.92426,50.32526,TRUE,FALSE
data_set/j90.sm/j908_7.sm,77,77,149067,310864,16244,263599,0,938,184198,125594,0,0,134,TRUE,77,384.63519,70.93501,TRUE,FALSE
data_set/j90.sm/j908_8.sm,68,68,130500,268387,12209,232156,0,739,154478,113036,0,5,129,TRUE,68,310.18049,65.60688,TRUE,FALSE
data_set/j90.sm/j908_9.sm,97,97,226163,476344,26422,398716,0,1353,285230,189626,0,0,135,TRUE,97,591.67438,85.73944,TRUE,FALSE
data_set/j90.sm/j908_10.sm,88,88,181213,379675,19241,317667,0,1110,227790,150642,0,0,133,TRUE,88,475.90256,87.03509,TRUE,FALSE
data_set/j90.sm/j909_1.sm,100,104,249724,536664,29803,441182,0,1183,351978,183368,0,0,135,FALSE,0,720.1105,0,FALSE,TRUE
data_set/j90.sm/j909_2.sm,119,128,308920,670855,42150,545063,0,1611,447376,221733,0,0,135,FALSE,0,972.6402,0,FALSE,TRUE
data_set/j90.sm/j909_3.sm,97,102,237188,508755,28100,419855,0,1213,335022,172385,0,0,135,FALSE,0,678.99743,0,FALSE,TRUE
data_set/j90.sm/j909_4.sm,117,127,278159,604774,38150,488464,0,1645,408552,194442,0,0,135,FALSE,0,855.68457,0,FALSE,TRUE
data_set/j90.sm/j909_5.sm,125,140,308460,677779,47277,535465,0,1664,458906,217074,0,0,135,FALSE,0,982.48765,0,FALSE,TRUE
data_set/j90.sm/j909_6.sm,110,119,264830,573722,35310,467013,0,1398,384193,187996,0,0,135,FALSE,0,749.60571,0,FALSE,TRUE
data_set/j90.sm/j909_7.sm,102,109,254606,549987,33630,449859,0,1263,369831,178758,0,0,135,FALSE,0,724.05031,0,FALSE,TRUE
data_set/j90.sm/j909_8.sm,109,116,260527,565071,35607,458685,0,1321,375898,187717,0,0,135,FALSE,0,737.23017,0,FALSE,TRUE
data_set/j90.sm/j909_9.sm,107,116,273366,591660,35650,480409,0,1260,398186,192079,0,0,135,FALSE,0,787.91784,0,FALSE,TRUE
data_set/j90.sm/j909_10.sm,102,111,259343,560108,33410,458677,0,1394,372745,185834,0,0,135,FALSE,0,732.33337,0,FALSE,TRUE
data_set/j90.sm/j9010_1.sm,77,77,207345,424704,13322,381948,0,1000,251286,172286,0,16,116,TRUE,77,505.74136,96.38045,TRUE,FALSE
data_set/j90.sm/j9010_2.sm,95,95,284469,594608,24689,519915,0,1327,365730,227416,0,0,135,TRUE,95,763.42921,191.7006,TRUE,FALSE
data_set/j90.sm/j9010_3.sm,112,112,354377,741466,30933,648824,0,1459,454554,285321,0,0,132,TRUE,112,940.34855,104.24638,TRUE,FALSE
data_set/j90.sm/j9010_4.sm,94,94,416358,858892,27820,777203,0,1113,503461,354184,0,0,134,TRUE,94,1085.88177,200.84721,TRUE,FALSE
data_set/j90.sm/j9010_5.sm,78,78,268171,550552,17791,499737,0,822,321586,228010,0,0,134,TRUE,78,650.75606,130.4039,TRUE,FALSE
data_set/j90.sm/j9010_6.sm,92,92,285176,590947,19591,524842,0,1109,356258,233446,0,1,133,TRUE,92,698.80551,95.06766,TRUE,FALSE
data_set/j90.sm/j9010_7.sm,83,83,273537,560526,17148,507000,0,997,331016,228378,0,2,133,TRUE,83,657.90836,100.60129,TRUE,FALSE
data_set/j90.sm/j9010_8.sm,81,81,184982,384465,15489,335968,0,1170,235983,147177,0,1,134,TRUE,81,455.88714,113.1005,TRUE,FALSE
data_set/j90.sm/j9010_9.sm,88,88,269088,557179,20542,496062,0,1205,332327,223513,0,1,133,TRUE,88,658.15836,116.719,TRUE,FALSE
data_set/j90.sm/j9010_10.sm,75,75,192209,396371,13702,352125,0,948,237549,157746,1,2,125,TRUE,75,471.43091,116.64575,TRUE,FALSE
data_set/j90.sm/j9011_1.sm,86,86,355516,731252,21626,661456,0,1324,429624,300169,0,0,135,TRUE,86,929.50792,127.31197,TRUE,FALSE
data_set/j90.sm/j9011_2.sm,99,99,333716,696709,27028,611482,0,1694,421407,273474,0,0,134,TRUE,99,889.99492,149.98708,TRUE,FALSE
data_set/j90.sm/j9011_3.sm,69,69,227539,464047,12870,422922,0,884,269319,193714,1,4,125,TRUE,69,557.21868,112.97445,TRUE,FALSE
data_set/j90.sm/j9011_4.sm,64,64,208779,425799,12517,386756,0,862,249204,175601,0,2,130,TRUE,64,502.74646,78.47367,TRUE,FALSE
data_set/j90.sm/j9011_5.sm,81,81,340482,694713,18389,637282,0,1033,401100,292446,0,0,134,TRUE,81,817.90636,181.89992,TRUE,FALSE
data_set/j90.sm/j9011_6.sm,78,78,282248,578084,17573,525972,0,962,335966,241021,0,0,135,TRUE,78,680.64956,218.80729,TRUE,FALSE
data_set/j90.sm/j9011_7.sm,95,95,347994,713596,21115,646696,0,1112,416316,296034,1,0,133,TRUE,95,843.24711,116.63284,TRUE,FALSE
data_set/j90.sm/j9011_8.sm,82,82,248753,509926,16388,459511,0,1138,301732,206930,0,2,124,TRUE,82,609.03536,162.68412,TRUE,FALSE
data_set/j90.sm/j9011_9.sm,81,81,271592,555987,17286,503060,0,981,326867,228004,3,5,127,TRUE,81,655.5411,186.71883,TRUE,FALSE
data_set/j90.sm/j9011_10.sm,81,81,268602,553236,17453,494662,0,1232,328655,223215,0,0,134,TRUE,81,653.40944,105.38619,TRUE,FALSE
data_set/j90.sm/j9012_1.sm,71,71,376171,761644,16995,708290,0,918,423469,337124,0,0,133,TRUE,71,913.66363,168.2626,TRUE,FALSE
data_set/j90.sm/j9012_2.sm,71,71,389850,786965,16069,735585,0,891,434703,351238,0,2,131,TRUE,71,939.80676,161.2582,TRUE,FALSE
data_set/j90.sm/j9012_3.sm,93,93,443912,902737,22911,835621,0,1228,506785,394589,0,0,135,TRUE,93,1049.89139,199.60868,TRUE,FALSE
data_set/j90.sm/j9012_4.sm,73,73,308095,621521,13942,579849,0,968,343210,277219,1,10,113,TRUE,73,738.47346,183.54072,TRUE,FALSE
data_set/j90.sm/j9012_5.sm,83,83,475196,963112,20919,899993,0,964,531973,430042,0,3,130,TRUE,83,1145.30212,178.55016,TRUE,FALSE
data_set/j90.sm/j9012_6.sm,81,81,445354,902562,19174,841671,0,985,502356,399086,0,0,135,TRUE,81,1077.42252,284.11334,TRUE,FALSE
data_set/j90.sm/j9012_7.sm,77,77,357345,724104,17321,672002,0,1022,403219,319728,0,5,130,TRUE,77,876.33442,208.14585,TRUE,FALSE
data_set/j90.sm/j9012_8.sm,83,83,462919,936860,20165,874656,0,929,521298,414499,0,0,134,TRUE,83,1118.9566,190.74697,TRUE,FALSE
data_set/j90.sm/j9012_9.sm,77,77,343911,694917,16073,646166,0,1055,387451,306279,0,14,118,TRUE,77,851.03698,185.30425,TRUE,FALSE
data_set/j90.sm/j9012_10.sm,86,86,333433,679084,18501,622576,0,1117,384669,293165,0,3,130,TRUE,86,798.93718,168.60444,TRUE,FALSE
data_set/j90.sm/j9013_1.sm,127,138,493695,1044964,43057,901280,0,1751,694018,349060,0,0,135,FALSE,0,1431.29124,0,FALSE,TRUE
data_set/j90.sm/j9013_2.sm,118,127,487509,1024671,42368,901942,0,1330,647406,375800,0,0,135,FALSE,0,1407.47664,0,FALSE,TRUE
data_set/j90.sm/j9013_3.sm,104,108,439368,915027,31800,815639,0,1237,574209,339446,0,0,135,FALSE,0,1154.57285,0,FALSE,TRUE
data_set/j90.sm/j9013_4.sm,108,112,485078,1012989,36075,901664,0,1307,633952,377595,0,0,135,FALSE,0,1258.10333,0,FALSE,TRUE
data_set/j90.sm/j9013_5.sm,108,115,473124,991101,37518,875206,0,1353,623164,366449,0,0,135,FALSE,0,1246.9832,0,FALSE,TRUE
data_set/j90.sm/j9013_6.sm,118,124,467584,984128,40461,858837,0,1410,626793,355790,0,0,135,FALSE,0,1356.93327,0,FALSE,TRUE
data_set/j90.sm/j9013_7.sm,117,124,469511,987172,39300,866979,0,1389,629586,356062,0,0,135,FALSE,0,1262.32786,0,FALSE,TRUE
data_set/j90.sm/j9013_8.sm,112,117,525533,1098991,39906,976864,0,1380,687162,410314,0,0,135,FALSE,0,1361.68825,0,FALSE,TRUE
data_set/j90.sm/j9013_9.sm,116,124,443978,934294,36500,813363,0,1467,606502,326190,0,0,135,FALSE,0,1291.8233,0,FALSE,TRUE
data_set/j90.sm/j9013_10.sm,112,120,459204,963649,36831,848858,0,1406,615031,347077,0,0,135,FALSE,0,1210.84035,0,FALSE,TRUE
data_set/j90.sm/j9014_1.sm,89,89,417168,849851,20195,789865,0,1104,496699,351918,0,0,130,TRUE,89,983.28031,187.64906,TRUE,FALSE
data_set/j90.sm/j9014_2.sm,79,79,375042,763773,17083,711263,0,1041,442723,319877,0,0,132,TRUE,79,895.13219,172.80267,TRUE,FALSE
data_set/j90.sm/j9014_3.sm,94,94,591416,1202719,24099,1129083,0,1064,690330,511192,0,0,133,TRUE,94,1516.59121,265.3899,TRUE,FALSE
data_set/j90.sm/j9014_4.sm,88,88,470203,959128,21687,892299,0,1077,559334,398582,0,0,135,TRUE,88,1124.60636,679.99677,TRUE,FALSE
data_set/j90.sm/j9014_5.sm,84,84,451415,915451,17915,859010,0,1084,524443,389791,0,1,132,TRUE,84,1075.98903,143.81294,TRUE,FALSE
data_set/j90.sm/j9014_6.sm,76,76,353333,718584,16253,669878,0,1046,416946,300461,0,0,131,TRUE,76,847.68302,13562.67075,TRUE,FALSE
data_set/j90.sm/j9014_7.sm,86,86,543797,1099755,19688,1037967,0,1123,620478,478022,0,0,132,TRUE,86,1308.99299,210.64195,TRUE,FALSE
data_set/j90.sm/j9014_8.sm,80,80,389330,791263,17116,739987,0,982,454286,335862,0,4,129,TRUE,80,940.78988,227.54437,TRUE,FALSE
data_set/j90.sm/j9014_9.sm,112,112,636921,1308391,34512,1205999,0,1516,772881,533859,0,0,135,TRUE,112,1620.67398,189.46325,TRUE,FALSE
data_set/j90.sm/j9014_10.sm,85,85,366122,746048,17172,693616,0,961,436392,308560,0,3,132,TRUE,85,866.69612,1076.88081,TRUE,FALSE
data_set/j90.sm/j9015_1.sm,76,76,504996,1017614,15200,967378,0,902,568317,448264,0,1,130,TRUE,76,1206.22114,328.09631,TRUE,FALSE
data_set/j90.sm/j9015_2.sm,71,71,410907,828759,14144,785312,0,1114,463137,364385,0,1,122,TRUE,71,989.28631,218.79753,TRUE,FALSE
data_set/j90.sm/j9015_3.sm,82,82,485842,983426,18069,927670,0,1012,556863,425416,0,3,132,TRUE,82,1152.13082,178.6206,TRUE,FALSE
data_set/j90.sm/j9015_4.sm,92,92,756119,1529575,25385,1452647,0,1158,854654,673630,0,0,133,TRUE,92,1944.53329,367.00617,TRUE,FALSE
data_set/j90.sm/j9015_5.sm,93,93,496029,1011407,22462,943490,0,1198,586168,423906,0,0,135,TRUE,93,1187.91915,253.71084,TRUE,FALSE
data_set/j90.sm/j9015_6.sm,61,61,373677,750051,11246,714881,0,915,416470,332534,0,17,115,TRUE,61,907.43781,256.84095,TRUE,FALSE
data_set/j90.sm/j9015_7.sm,82,82,459556,928774,17153,876252,0,1100,527222,400320,0,12,120,TRUE,82,1079.57071,208.89179,TRUE,FALSE
data_set/j90.sm/j9015_8.sm,82,82,375859,760499,15555,713129,0,1200,433704,325462,0,6,127,TRUE,82,901.20216,139.22595,TRUE,FALSE
data_set/j90.sm/j9015_9.sm,83,83,523641,1056784,18309,1001362,0,1028,591895,463726,0,4,131,TRUE,83,1261.19692,383.93377,TRUE,FALSE
data_set/j90.sm/j9015_10.sm,78,78,476101,965737,18749,907952,0,1102,548517,415984,0,0,134,TRUE,78,1131.77183,237.21778,TRUE,FALSE
data_set/j90.sm/j9016_1.sm,85,85,696991,1401284,20110,1341450,0,913,764511,635725,0,0,135,TRUE,85,1685.43687,345.52652,TRUE,FALSE
data_set/j90.sm/j9016_2.sm,71,71,644578,1295325,16827,1241203,0,972,707287,586933,0,0,133,TRUE,71,1545.54359,459.81398,TRUE,FALSE
data_set/j90.sm/j9016_3.sm,73,73,411385,827394,13697,785623,0,922,460059,366285,0,6,122,TRUE,73,997.46197,333.29803,TRUE,FALSE
data_set/j90.sm/j9016_4.sm,69,69,435311,871039,11353,834086,0,915,475935,394060,2,12,115,TRUE,69,1050.58368,466.37629,TRUE,FALSE
data_set/j90.sm/j9016_5.sm,71,71,458752,919982,12774,879310,0,841,503291,415715,0,15,120,TRUE,71,1124.15024,379.64883,TRUE,FALSE
data_set/j90.sm/j9016_6.sm,74,74,508760,1016354,12627,978509,0,945,542203,473072,0,4,130,TRUE,74,1265.65146,387.9432,TRUE,FALSE
data_set/j90.sm/j9016_7.sm,65,65,490728,983010,11807,942277,0,957,538141,443786,0,7,119,TRUE,65,1191.96785,216.7375,TRUE,FALSE
data_set/j90.sm/j9016_8.sm,71,71,584053,1170279,14789,1123930,0,909,633963,535272,1,0,134,TRUE,71,1416.3024,427.67526,TRUE,FALSE
data_set/j90.sm/j9016_9.sm,66,66,342729,686207,11298,653436,0,951,376487,308634,0,25,110,TRUE,66,837.39999,222.34018,TRUE,FALSE
data_set/j90.sm/j9016_10.sm,71,71,564288,1135723,15761,1082885,0,1080,627647,506861,0,2,133,TRUE,71,1354.78019,383.1806,TRUE,FALSE
data_set/j90.sm/j9017_1.sm,92,92,38274,108066,22908,38056,0,1127,82219,24557,0,0,163,TRUE,92,183.41475,49.40467,TRUE,FALSE
data_set/j90.sm/j9017_2.sm,100,100,45342,129228,25780,44725,0,1692,98451,28922,0,0,163,TRUE,100,218.47071,447.33001,TRUE,FALSE
data_set/j90.sm/j9017_3.sm,89,89,36738,101221,20341,38133,0,1069,76006,23983,1,0,162,TRUE,89,162.08316,31.4742,TRUE,FALSE
data_set/j90.sm/j9017_4.sm,94,94,47929,131537,24445,51707,0,1307,99688,30379,0,0,163,TRUE,94,215.59239,22.45489,TRUE,FALSE
data_set/j90.sm/j9017_5.sm,113,113,57691,160595,30165,60131,0,1597,122207,36628,0,0,163,TRUE,113,304.87807,25.2363,TRUE,FALSE
data_set/j90.sm/j9017_6.sm,94,94,42340,116745,22788,45504,0,1446,88615,26521,0,0,163,TRUE,94,186.56898,23.47397,TRUE,FALSE
data_set/j90.sm/j9017_7.sm,80,80,34307,93057,17227,37111,0,1140,68668,23086,0,3,160,TRUE,80,146.55773,14.64393,TRUE,FALSE
data_set/j90.sm/j9017_8.sm,113,113,58269,164416,33552,60602,0,1369,127120,35764,0,0,163,TRUE,113,308.81139,30.35954,TRUE,FALSE
data_set/j90.sm/j9017_9.sm,96,96,42775,122387,25069,40701,0,1485,94119,26620,0,0,163,TRUE,96,209.57276,27.41989,TRUE,FALSE
data_set/j90.sm/j9017_10.sm,89,89,41758,115476,22483,43785,0,1270,87883,26160,0,0,163,TRUE,89,185.26018,26.04267,TRUE,FALSE
data_set/j90.sm/j9018_1.sm,101,101,61582,162886,28864,74959,0,1406,119402,41915,0,0,163,TRUE,101,275.11859,22.2263,TRUE,FALSE
data_set/j90.sm/j9018_2.sm,94,94,50296,132547,22529,58984,0,1483,97397,33504,0,6,157,TRUE,94,204.56395,18.71625,TRUE,FALSE
data_set/j90.sm/j9018_3.sm,83,83,42570,110585,18960,50819,0,1116,79502,29804,0,0,163,TRUE,83,169.46459,19.21707,TRUE,FALSE
data_set/j90.sm/j9018_4.sm,98,98,63110,164376,27559,79521,0,1556,118675,43982,0,0,163,TRUE,98,267.96241,26.15947,TRUE,FALSE
data_set/j90.sm/j9018_5.sm,90,90,53430,141051,25099,62653,0,1347,102470,37071,0,0,163,TRUE,90,222.36035,24.74993,TRUE,FALSE
data_set/j90.sm/j9018_6.sm,83,83,46723,122103,21358,56150,0,1166,89882,30893,0,1,161,TRUE,83,185.81779,17.45024,TRUE,FALSE
data_set/j90.sm/j9018_7.sm,73,73,35089,90220,14096,40816,0,1043,65758,23256,0,6,157,TRUE,73,136.50086,15.36156,TRUE,FALSE
data_set/j90.sm/j9018_8.sm,92,92,54185,140489,23373,68051,0,1579,99316,39431,0,0,163,TRUE,92,209.71608,23.82855,TRUE,FALSE
data_set/j90.sm/j9018_9.sm,79,79,47309,118953,18407,59329,0,1018,84892,32880,0,0,163,TRUE,79,177.67681,16.04276,TRUE,FALSE
data_set/j90.sm/j9018_10.sm,94,94,51805,137430,23923,61167,0,1358,100092,35817,0,0,163,TRUE,94,215.57034,17.05233,TRUE,FALSE
data_set/j90.sm/j9019_1.sm,98,98,59592,153360,25249,75021,0,1423,109491,42283,0,0,163,TRUE,98,249.04182,32.72412,TRUE,FALSE
data_set/j90.sm/j9019_2.sm,83,83,48981,122604,18077,61921,0,1137,86130,35174,0,0,163,TRUE,83,178.40515,20.29725,TRUE,FALSE
data_set/j90.sm/j9019_3.sm,89,89,55254,137549,21009,71333,0,1192,96411,39783,0,0,163,TRUE,89,201.32987,26.16086,TRUE,FALSE
data_set/j90.sm/j9019_4.sm,77,77,50332,126091,18602,67541,0,1262,86438,38228,0,0,163,TRUE,77,181.34175,17.85337,TRUE,FALSE
data_set/j90.sm/j9019_5.sm,66,66,46000,112029,14396,59028,0,888,77750,33228,0,0,163,TRUE,66,163.46074,23.16368,TRUE,FALSE
data_set/j90.sm/j9019_6.sm,136,136,100150,262446,42978,125092,0,1865,189302,71116,0,0,163,TRUE,136,515.09282,36.90498,TRUE,FALSE
data_set/j90.sm/j9019_7.sm,66,66,29701,74679,11693,36269,0,893,52620,21013,0,10,143,TRUE,66,112.9281,12.01491,TRUE,FALSE
data_set/j90.sm/j9019_8.sm,91,91,46486,119947,20957,56677,0,1120,87191,31473,0,0,163,TRUE,91,177.45969,16.32972,TRUE,FALSE
data_set/j90.sm/j9019_9.sm,121,121,90829,236122,39185,117621,0,1701,169036,65222,0,0,163,TRUE,121,401.81155,34.41431,TRUE,FALSE
data_set/j90.sm/j9019_10.sm,85,85,59504,147222,21166,78619,0,1037,101578,44444,0,0,163,TRUE,85,214.16433,27.40468,TRUE,FALSE
data_set/j90.sm/j9020_1.sm,85,85,52710,132511,21660,68782,0,1094,91903,39352,2,5,155,TRUE,85,195.57328,30.56542,TRUE,FALSE
data_set/j90.sm/j9020_2.sm,76,76,31321,78885,13614,37095,0,980,55340,22404,0,10,151,TRUE,76,118.45061,12.6826,TRUE,FALSE
data_set/j90.sm/j9020_3.sm,86,86,55897,139503,21123,73891,0,1533,95369,42438,0,15,148,TRUE,86,199.90074,23.47021,TRUE,FALSE
data_set/j90.sm/j9020_4.sm,86,86,51120,126989,18749,67115,0,1290,87771,37765,0,0,163,TRUE,86,183.44116,23.7914,TRUE,FALSE
data_set/j90.sm/j9020_5.sm,88,88,67107,163713,21953,91072,0,1149,110824,51577,0,4,159,TRUE,88,241.82042,28.60621,TRUE,FALSE
data_set/j90.sm/j9020_6.sm,83,83,38457,95039,14670,48692,0,1127,64937,28812,0,9,154,TRUE,83,140.14337,22.20228,TRUE,FALSE
data_set/j90.sm/j9020_7.sm,82,82,64851,157092,21270,87753,0,1233,105816,49880,0,0,163,TRUE,82,223.96677,33.44767,TRUE,FALSE
data_set/j90.sm/j9020_8.sm,85,85,42243,107787,18842,52078,0,1149,75714,30761,0,11,152,TRUE,85,154.31001,17.17505,TRUE,FALSE
data_set/j90.sm/j9020_9.sm,76,76,48107,117400,15871,61682,0,975,79351,36911,0,0,163,TRUE,76,171.6709,21.63194,TRUE,FALSE
data_set/j90.sm/j9020_10.sm,89,89,51317,134134,24319,61398,0,1286,96355,36330,0,0,163,TRUE,89,206.45147,23.4555,TRUE,FALSE
data_set/j90.sm/j9021_1.sm,109,110,134024,316926,33119,205013,0,1476,227504,87783,0,0,163,TRUE,110,1049.13422,687394.9968,FALSE,TRUE
data_set/j90.sm/j9021_2.sm,116,116,131737,309240,32512,205068,0,1567,220358,87152,0,0,163,TRUE,116,473.74436,124321.3147,TRUE,FALSE
data_set/j90.sm/j9021_3.sm,124,124,162372,379830,38668,254273,0,1722,268655,109290,0,0,163,TRUE,124,616.15007,56472.9435,TRUE,FALSE
data_set/j90.sm/j9021_4.sm,106,106,136291,313557,28726,213930,0,1293,220768,91333,0,0,163,TRUE,106,485.81886,2487.21757,TRUE,FALSE
data_set/j90.sm/j9021_5.sm,112,112,137690,323857,34006,214182,0,1950,227590,94154,0,0,163,TRUE,112,494.18911,73086.24121,TRUE,FALSE
data_set/j90.sm/j9021_6.sm,106,106,136230,315391,31866,217738,0,1491,220778,92959,0,0,163,TRUE,106,453.57966,603272.108,TRUE,FALSE
data_set/j90.sm/j9021_7.sm,105,109,116301,274121,28703,177993,0,1653,193301,79004,0,0,163,FALSE,0,397.10562,0,FALSE,TRUE
data_set/j90.sm/j9021_8.sm,107,111,133038,313258,34454,207597,0,1494,221247,90354,0,0,163,FALSE,0,468.45732,0,FALSE,TRUE
data_set/j90.sm/j9021_9.sm,121,121,135758,322334,35997,208940,0,1830,229333,91008,0,0,163,TRUE,121,502.9337,112920.6796,TRUE,FALSE
data_set/j90.sm/j9021_10.sm,109,109,134208,312709,31117,209879,0,1506,222345,88695,0,0,163,TRUE,109,481.78953,11066.42015,TRUE,FALSE
data_set/j90.sm/j9022_1.sm,108,108,201727,446386,32220,341063,0,1493,292830,151900,0,0,163,TRUE,108,632.78406,53.62858,TRUE,FALSE
data_set/j90.sm/j9022_2.sm,85,85,137808,301775,20853,232829,0,1594,194626,105392,0,0,163,TRUE,85,388.47761,53.86712,TRUE,FALSE
data_set/j90.sm/j9022_3.sm,83,83,120432,265831,20281,200701,0,1286,174048,90334,0,0,163,TRUE,83,358.19435,159.57576,TRUE,FALSE
data_set/j90.sm/j9022_4.sm,96,96,155543,342010,25553,264092,0,1435,222995,117417,0,0,163,TRUE,96,446.7477,57.2079,TRUE,FALSE
data_set/j90.sm/j9022_5.sm,96,96,136655,305030,24163,225943,0,1334,203624,99909,0,0,163,TRUE,96,399.67975,37.2896,TRUE,FALSE
data_set/j90.sm/j9022_6.sm,71,71,97971,211247,14099,165933,0,1053,134675,75357,0,20,142,TRUE,71,246.80871,39.42273,TRUE,FALSE
data_set/j90.sm/j9022_7.sm,90,90,137877,302931,22185,232674,0,1218,199492,102059,0,0,162,TRUE,90,401.03933,52.30976,TRUE,FALSE
data_set/j90.sm/j9022_8.sm,97,97,209951,451706,27050,367038,0,1143,281280,169120,0,0,163,TRUE,97,618.76315,72.82691,TRUE,FALSE
data_set/j90.sm/j9022_9.sm,101,101,128114,287723,24171,209762,0,1745,193997,91818,0,0,163,TRUE,101,375.97622,105.99694,TRUE,FALSE
data_set/j90.sm/j9022_10.sm,75,75,101007,220983,16662,169504,0,1164,144165,75491,0,2,161,TRUE,75,280.30211,83.47419,TRUE,FALSE
data_set/j90.sm/j9023_1.sm,90,90,146154,318576,22188,247990,0,1231,204550,112632,0,0,163,TRUE,90,404.90126,50.24321,TRUE,FALSE
data_set/j90.sm/j9023_2.sm,84,84,147745,316888,20109,256529,0,1215,195043,120471,0,3,156,TRUE,84,396.60001,56.193,TRUE,FALSE
data_set/j90.sm/j9023_3.sm,116,116,240915,521194,33207,417115,0,1468,328509,191054,0,0,163,TRUE,116,713.18034,75.05274,TRUE,FALSE
data_set/j90.sm/j9023_4.sm,85,85,151264,327644,20761,259333,0,1449,210017,116015,0,0,163,TRUE,85,408.72956,47.16771,TRUE,FALSE
data_set/j90.sm/j9023_5.sm,95,95,165835,360563,24703,284346,0,1333,226760,132307,0,0,163,TRUE,95,488.80383,52.3014,TRUE,FALSE
data_set/j90.sm/j9023_6.sm,87,87,154737,333727,19963,265546,0,1253,213097,119214,0,3,160,TRUE,87,420.33038,64.47634,TRUE,FALSE
data_set/j90.sm/j9023_7.sm,77,77,116537,252097,16623,197423,0,1107,159426,91401,0,0,163,TRUE,77,319.64411,48.00265,TRUE,FALSE
data_set/j90.sm/j9023_8.sm,92,92,167899,359352,20844,290164,0,1287,223405,134497,0,0,163,TRUE,92,451.18654,55.98284,TRUE,FALSE
data_set/j90.sm/j9023_9.sm,126,126,242278,535217,38815,411419,0,1903,353776,179375,0,0,163,TRUE,126,808.12411,72.27734,TRUE,FALSE
data_set/j90.sm/j9023_10.sm,87,87,150776,326236,20984,260088,0,1330,203007,121737,0,0,162,TRUE,87,409.00232,57.54046,TRUE,FALSE
data_set/j90.sm/j9024_1.sm,84,84,198929,423253,23026,350235,0,1226,254990,166874,0,0,163,TRUE,84,517.16564,90.69002,TRUE,FALSE
data_set/j90.sm/j9024_2.sm,92,92,149558,320565,19250,257289,0,1676,197293,121433,0,10,153,TRUE,92,406.0486,57.94673,TRUE,FALSE
data_set/j90.sm/j9024_3.sm,69,69,163860,340910,13977,292593,0,1049,200290,139408,0,1,162,TRUE,69,423.65529,76.55105,TRUE,FALSE
data_set/j90.sm/j9024_4.sm,81,81,164833,353633,20707,287633,0,1336,220030,132104,0,0,163,TRUE,81,438.16174,63.37429,TRUE,FALSE
data_set/j90.sm/j9024_5.sm,85,85,179522,377937,18453,316504,0,1270,226614,149891,0,0,162,TRUE,85,467.97338,63.88623,TRUE,FALSE
data_set/j90.sm/j9024_6.sm,79,79,144486,303964,17006,253023,0,954,181559,121288,0,0,163,TRUE,79,377.04147,58.27764,TRUE,FALSE
data_set/j90.sm/j9024_7.sm,87,87,210396,441800,21689,374861,0,1150,263806,176681,0,0,163,TRUE,87,540.60738,78.57938,TRUE,FALSE
data_set/j90.sm/j9024_8.sm,88,88,202763,428468,22570,357186,0,1247,258006,169052,0,1,162,TRUE,88,527.57998,102.95037,TRUE,FALSE
data_set/j90.sm/j9024_9.sm,80,80,126362,266671,14308,219715,0,1285,160659,104564,0,0,163,TRUE,80,329.80124,63.07242,TRUE,FALSE
data_set/j90.sm/j9024_10.sm,89,89,203376,432897,23388,356635,0,1306,263391,168037,0,0,163,TRUE,89,536.3307,69.21712,TRUE,FALSE
data_set/j90.sm/j9025_1.sm,114,124,289866,632883,38461,506478,0,1771,427700,203249,0,0,163,FALSE,0,933.29548,0,FALSE,TRUE
data_set/j90.sm/j9025_2.sm,123,131,293196,642615,40573,512426,0,1863,436376,204213,0,0,163,FALSE,0,936.99636,0,FALSE,TRUE
data_set/j90.sm/j9025_3.sm,115,123,274432,603313,36973,474164,0,1689,410792,190669,0,0,163,FALSE,0,897.20555,0,FALSE,TRUE
data_set/j90.sm/j9025_4.sm,127,138,305147,671734,44451,530008,0,1877,455154,214540,0,0,163,FALSE,0,992.79528,0,FALSE,TRUE
data_set/j90.sm/j9025_5.sm,109,114,267346,581346,34998,469873,0,1335,387287,192561,0,0,163,FALSE,0,780.90956,0,FALSE,TRUE
data_set/j90.sm/j9025_6.sm,112,121,289418,629850,38875,511292,0,1475,418384,209828,0,0,163,FALSE,0,902.73534,0,FALSE,TRUE
data_set/j90.sm/j9025_7.sm,123,130,310138,679376,44742,546647,0,1493,455661,222059,0,0,163,FALSE,0,997.99052,0,FALSE,TRUE
data_set/j90.sm/j9025_8.sm,133,140,345776,762832,52104,604027,0,2029,519459,241181,0,0,163,FALSE,0,1117.26045,0,FALSE,TRUE
data_set/j90.sm/j9025_9.sm,97,106,237397,514178,29132,418564,0,1341,344569,168105,0,0,163,FALSE,0,689.83459,0,FALSE,TRUE
data_set/j90.sm/j9025_10.sm,118,130,301388,659888,41493,526387,0,1721,449471,208533,0,0,163,FALSE,0,973.83038,0,FALSE,TRUE
data_set/j90.sm/j9026_1.sm,90,90,339363,702876,23675,630467,0,1252,417732,283729,0,0,163,TRUE,90,839.98394,139.87221,TRUE,FALSE
data_set/j90.sm/j9026_2.sm,85,85,229232,479526,20167,417986,0,1386,295732,182245,0,0,163,TRUE,85,571.28278,17578.1498,TRUE,FALSE
data_set/j90.sm/j9026_3.sm,80,80,250080,519798,18137,459313,0,1200,316259,202176,0,0,163,TRUE,80,630.7218,115.89467,TRUE,FALSE
data_set/j90.sm/j9026_4.sm,97,97,271780,575991,27155,493202,0,1709,361488,212631,0,0,163,TRUE,97,757.79268,145344.2259,TRUE,FALSE
data_set/j90.sm/j9026_5.sm,82,85,216818,456089,19600,391890,0,1436,285194,169296,0,6,157,TRUE,85,1210.70542,1714088.483,TRUE,FALSE
data_set/j90.sm/j9026_6.sm,108,108,407071,847764,31050,753323,0,1369,512008,334224,0,0,163,TRUE,108,1082.60148,157.2192,TRUE,FALSE
data_set/j90.sm/j9026_7.sm,82,82,233553,488656,18395,426039,0,1339,301988,185166,0,1,162,TRUE,82,586.70726,565.97736,TRUE,FALSE
data_set/j90.sm/j9026_8.sm,82,82,223507,466764,19371,408429,0,1250,283638,181713,0,0,163,TRUE,82,551.39791,60714.68079,TRUE,FALSE
data_set/j90.sm/j9026_9.sm,87,87,279557,585939,22914,510952,0,1363,361180,223233,0,0,163,TRUE,87,760.42185,618.22845,TRUE,FALSE
data_set/j90.sm/j9026_10.sm,92,92,349173,720469,21536,645842,0,1367,426759,292184,0,0,159,TRUE,92,922.043,129.21797,TRUE,FALSE
data_set/j90.sm/j9027_1.sm,96,96,280151,587317,23694,510163,0,1608,357814,227732,0,0,163,TRUE,96,759.54936,88.23131,TRUE,FALSE
data_set/j90.sm/j9027_2.sm,81,81,298166,614551,20983,552058,0,1313,360344,252731,0,0,163,TRUE,81,725.54063,130.8484,TRUE,FALSE
data_set/j90.sm/j9027_3.sm,91,91,308873,644792,23146,566496,0,1712,390023,252894,0,0,163,TRUE,91,827.02158,94.16691,TRUE,FALSE
data_set/j90.sm/j9027_4.sm,79,79,317536,652871,18892,591952,0,1295,381211,270202,0,5,158,TRUE,79,773.20977,156.33482,TRUE,FALSE
data_set/j90.sm/j9027_5.sm,99,99,391299,808194,24993,727820,0,1298,476587,330146,0,0,163,TRUE,99,1038.81517,110.42374,TRUE,FALSE
data_set/j90.sm/j9027_6.sm,87,87,332370,685325,21916,615798,0,1267,403865,280030,0,0,163,TRUE,87,806.63257,141.95922,TRUE,FALSE
data_set/j90.sm/j9027_7.sm,73,73,210967,431176,11773,389586,0,1187,251449,178381,0,38,121,TRUE,73,514.94745,102.18152,TRUE,FALSE
data_set/j90.sm/j9027_8.sm,72,72,313250,639355,16402,585620,0,856,368264,270072,0,0,163,TRUE,72,755.03337,125.42167,TRUE,FALSE
data_set/j90.sm/j9027_9.sm,84,84,320531,656778,20025,597687,0,1119,381735,273761,2,4,157,TRUE,84,772.62701,214.89711,TRUE,FALSE
data_set/j90.sm/j9027_10.sm,97,97,371761,768221,24859,691066,0,1209,456993,309856,0,0,163,TRUE,97,978.96942,110.20776,TRUE,FALSE
data_set/j90.sm/j9028_1.sm,80,80,358702,728628,17415,671879,0,1299,409607,317559,0,0,163,TRUE,80,856.05938,201.427,TRUE,FALSE
data_set/j90.sm/j9028_2.sm,76,76,328666,668067,15852,616704,0,1189,376437,290278,0,4,159,TRUE,76,796.16209,199.82458,TRUE,FALSE
data_set/j90.sm/j9028_3.sm,86,86,370295,763205,22406,689793,0,1543,443825,317676,0,5,156,TRUE,86,903.30886,123.50974,TRUE,FALSE
data_set/j90.sm/j9028_4.sm,78,78,252672,515807,14873,469018,0,1300,296550,217798,0,13,146,TRUE,78,611.70208,171.99232,TRUE,FALSE
data_set/j90.sm/j9028_5.sm,88,88,442531,901312,22351,833471,0,1065,508292,391792,0,0,163,TRUE,88,1062.62289,193.38392,TRUE,FALSE
data_set/j90.sm/j9028_6.sm,102,102,437928,896244,25816,820296,0,1174,512754,382153,0,0,163,TRUE,102,1053.68419,212.69337,TRUE,FALSE
data_set/j90.sm/j9028_7.sm,97,97,427061,876801,24819,796480,0,1613,506324,368701,0,0,163,TRUE,97,1114.79846,145.30607,TRUE,FALSE
data_set/j90.sm/j9028_8.sm,110,110,473545,982864,31561,878470,0,1764,579225,401712,0,0,163,TRUE,110,1255.54373,151.00636,TRUE,FALSE
data_set/j90.sm/j9028_9.sm,120,120,667577,1375770,37298,1248724,0,1810,796148,577649,0,0,163,TRUE,120,1726.20232,155.31269,TRUE,FALSE
data_set/j90.sm/j9028_10.sm,68,68,272266,549436,12120,509143,0,994,306917,241362,3,7,153,TRUE,68,658.5846,134.40565,TRUE,FALSE
data_set/j90.sm/j9029_1.sm,125,135,464142,985108,39821,845763,0,1807,642296,340842,0,0,163,FALSE,0,1384.38079,0,FALSE,TRUE
data_set/j90.sm/j9029_2.sm,123,126,484132,1020025,40367,891530,0,1528,652163,366171,0,0,163,FALSE,0,1427.65086,0,FALSE,TRUE
data_set/j90.sm/j9029_3.sm,135,144,498209,1062405,48864,905764,0,1918,696720,363604,0,0,163,FALSE,0,1519.05128,0,FALSE,TRUE
data_set/j90.sm/j9029_4.sm,141,149,511549,1091724,48937,929984,0,2097,726207,363257,0,0,163,FALSE,0,1556.58794,0,FALSE,TRUE
data_set/j90.sm/j9029_5.sm,114,121,494830,1039177,38840,915886,0,1439,657489,380086,0,0,163,FALSE,0,1429.28587,0,FALSE,TRUE
data_set/j90.sm/j9029_6.sm,116,124,516396,1089726,42578,953598,0,1616,692842,395105,0,0,163,FALSE,0,1515.44252,0,FALSE,TRUE
data_set/j90.sm/j9029_7.sm,158,170,599131,1288934,64190,1084319,0,2355,871551,414865,0,0,163,FALSE,0,1947.25824,0,FALSE,TRUE
data_set/j90.sm/j9029_8.sm,145,154,558704,1193346,55555,1020139,0,1954,783295,407934,0,0,163,FALSE,0,1675.86977,0,FALSE,TRUE
data_set/j90.sm/j9029_9.sm,118,127,464603,983756,39894,850929,0,1598,637837,344158,0,0,163,FALSE,0,1378.31873,0,FALSE,TRUE
data_set/j90.sm/j9029_10.sm,117,125,473976,998782,38759,874520,0,1503,637120,359996,0,0,163,FALSE,0,1287.98849,0,FALSE,TRUE
data_set/j90.sm/j9030_1.sm,102,102,580619,1188916,28291,1101894,0,1165,698439,489149,0,0,163,TRUE,102,1493.8018,220.52681,TRUE,FALSE
data_set/j90.sm/j9030_2.sm,76,76,384852,781765,14826,731552,0,909,453289,327404,5,0,158,TRUE,76,922.93241,572.70089,TRUE,FALSE
data_set/j90.sm/j9030_3.sm,102,102,460777,953324,27418,863506,0,1400,576609,375152,0,0,163,TRUE,102,1203.06386,186.23385,TRUE,FALSE
data_set/j90.sm/j9030_4.sm,104,104,489942,1010021,27513,923491,0,1547,606159,402152,0,0,163,TRUE,104,1264.98567,3061.32862,TRUE,FALSE
data_set/j90.sm/j9030_5.sm,83,83,372104,766513,19902,697916,0,1403,459836,305111,0,0,163,FALSE,0,894.265,0,FALSE,TRUE
data_set/j90.sm/j9030_6.sm,90,90,546163,1115672,25302,1037434,0,1405,649026,465078,0,0,163,TRUE,90,1388.04095,281.30988,TRUE,FALSE
data_set/j90.sm/j9030_7.sm,84,84,342014,698252,17305,645119,0,1162,412733,284194,0,3,160,FALSE,0,808.95434,0,FALSE,TRUE
data_set/j90.sm/j9030_8.sm,82,82,449478,916729,20795,855178,0,1081,529607,385878,0,0,163,TRUE,82,1063.53279,310.5031,TRUE,FALSE
data_set/j90.sm/j9030_9.sm,90,94,412779,851429,24349,776900,0,1489,507378,342399,0,0,163,FALSE,0,1065.2809,0,FALSE,TRUE
data_set/j90.sm/j9030_10.sm,90,90,416585,855736,21129,784681,0,1687,513134,340752,0,0,163,TRUE,90,1082.55251,1736.05735,TRUE,FALSE
data_set/j90.sm/j9031_1.sm,79,79,386055,780142,14402,732287,0,1051,444411,334517,0,14,149,TRUE,79,920.0658,208.06536,TRUE,FALSE
data_set/j90.sm/j9031_2.sm,69,69,379630,770085,14053,722859,0,1243,440157,328522,0,16,147,TRUE,69,917.20172,163.23037,TRUE,FALSE
data_set/j90.sm/j9031_3.sm,106,106,695458,1417013,28399,1325315,0,1414,809470,605966,0,0,163,TRUE,106,1779.3491,333.27605,TRUE,FALSE
data_set/j90.sm/j9031_4.sm,79,79,482764,976302,16749,922480,0,1226,551102,423811,0,13,150,TRUE,79,1162.14726,248.59975,TRUE,FALSE
data_set/j90.sm/j9031_5.sm,79,79,508088,1030638,20061,970312,0,1116,585527,443832,0,6,157,TRUE,79,1218.19078,343.65969,TRUE,FALSE
data_set/j90.sm/j9031_6.sm,80,80,417454,846701,16854,793007,0,1386,483477,361675,0,10,153,TRUE,80,988.68146,165.60327,TRUE,FALSE
data_set/j90.sm/j9031_7.sm,97,97,713932,1448605,26040,1367005,0,1257,816573,630612,0,0,163,TRUE,97,1812.63485,420.7175,TRUE,FALSE
data_set/j90.sm/j9031_8.sm,83,83,526629,1068075,19097,1003820,0,1235,607513,459164,0,1,162,TRUE,83,1247.44719,299.30659,TRUE,FALSE
data_set/j90.sm/j9031_9.sm,72,72,417854,845317,15277,797343,0,1085,476966,367103,0,8,155,TRUE,72,997.85537,232.29474,TRUE,FALSE
data_set/j90.sm/j9031_10.sm,99,99,602837,1232206,26339,1144829,0,1437,715437,515169,0,0,163,TRUE,99,1543.02919,269.58087,TRUE,FALSE
data_set/j90.sm/j9032_1.sm,78,78,567241,1141009,17092,1086877,0,1275,625016,514556,0,28,134,TRUE,78,1353.73525,523.78015,TRUE,FALSE
data_set/j90.sm/j9032_2.sm,78,78,635021,1276042,16594,1221368,0,1370,692621,581888,0,12,151,TRUE,78,1534.58184,372.45488,TRUE,FALSE
data_set/j90.sm/j9032_3.sm,89,89,740206,1494271,21221,1423015,0,1326,822596,670186,0,0,163,TRUE,89,1771.14301,258.09249,TRUE,FALSE
data_set/j90.sm/j9032_4.sm,104,104,726698,1479966,29250,1387975,0,1834,839342,638627,0,0,163,TRUE,104,1849.82696,395.41709,TRUE,FALSE
data_set/j90.sm/j9032_5.sm,93,93,549589,1113242,21382,1049345,0,1421,623513,488145,0,0,163,TRUE,93,1285.35519,353.02612,TRUE,FALSE
data_set/j90.sm/j9032_6.sm,86,86,624344,1260795,20040,1195547,0,1176,699064,560392,0,0,163,TRUE,86,1469.79975,400.79426,TRUE,FALSE
data_set/j90.sm/j9032_7.sm,87,87,649631,1308097,19493,1248596,0,1240,714380,592316,0,0,161,TRUE,87,1581.09424,419.75154,TRUE,FALSE
data_set/j90.sm/j9032_8.sm,79,79,565483,1135406,14672,1084234,0,1097,621300,512846,0,0,163,TRUE,79,1338.45974,324.26334,TRUE,FALSE
data_set/j90.sm/j9032_9.sm,95,95,989535,1989351,25739,1912495,0,1148,1075033,913007,0,0,163,TRUE,95,2363.89434,426.57838,TRUE,FALSE
data_set/j90.sm/j9032_10.sm,91,91,707737,1433918,23526,1356170,0,1318,804508,627929,6,0,157,TRUE,91,1803.67781,318.8233,TRUE,FALSE
data_set/j90.sm/j9033_1.sm,99,99,52268,146806,27323,53516,0,1584,111652,33379,0,0,191,TRUE,99,260.35683,101.98623,TRUE,FALSE
data_set/j90.sm/j9033_2.sm,112,112,57733,166456,33527,58163,0,1693,127891,36681,0,0,191,TRUE,112,321.84466,21.40703,TRUE,FALSE
data_set/j90.sm/j9033_3.sm,108,108,54465,154965,29668,53892,0,1622,119690,33462,0,0,191,TRUE,108,306.33923,22.89395,TRUE,FALSE
data_set/j90.sm/j9033_4.sm,92,92,44996,124987,23252,47355,0,1405,94620,28771,0,0,191,TRUE,92,213.16801,36.61676,TRUE,FALSE
data_set/j90.sm/j9033_5.sm,109,109,51826,148217,28897,51727,0,1642,114304,32080,0,0,191,TRUE,109,279.77567,26.88383,TRUE,FALSE
data_set/j90.sm/j9033_6.sm,88,88,41158,116926,21524,40219,0,1349,88329,27057,0,1,190,TRUE,88,202.27411,17.5791,TRUE,FALSE
data_set/j90.sm/j9033_7.sm,109,109,51474,149068,29660,50865,0,1928,113887,33062,0,0,191,TRUE,109,276.16796,40.5601,TRUE,FALSE
data_set/j90.sm/j9033_8.sm,110,110,57829,162931,27960,56682,0,1996,123077,37667,0,0,191,TRUE,110,323.21814,26.39399,TRUE,FALSE
data_set/j90.sm/j9033_9.sm,95,95,40088,112432,22164,41736,0,1278,84504,26459,0,0,191,TRUE,95,186.02809,25.67121,TRUE,FALSE
data_set/j90.sm/j9033_10.sm,114,114,54842,162471,34349,53466,0,2195,124871,35214,0,0,191,TRUE,114,301.25628,57.26814,TRUE,FALSE
data_set/j90.sm/j9034_1.sm,83,83,36957,98740,18130,41444,0,1477,72172,24900,0,1,190,TRUE,83,149.82208,13.08472,TRUE,FALSE
data_set/j90.sm/j9034_2.sm,89,89,56185,147790,24679,68462,0,1287,108082,38230,0,0,191,TRUE,89,230.37034,26.70655,TRUE,FALSE
data_set/j90.sm/j9034_3.sm,82,82,35570,92773,15871,41682,0,1211,67266,24107,0,5,184,TRUE,82,137.94415,14.04185,TRUE,FALSE
data_set/j90.sm/j9034_4.sm,81,81,35804,94017,16902,41139,0,1118,68322,24386,0,0,191,TRUE,81,147.27738,16.81964,TRUE,FALSE
data_set/j90.sm/j9034_5.sm,83,83,43071,115456,20711,49437,0,1272,84143,29850,0,0,191,TRUE,83,176.52774,17.35287,TRUE,FALSE
data_set/j90.sm/j9034_6.sm,89,89,43745,115697,20120,51069,0,1168,84368,29970,0,0,191,TRUE,89,178.38322,19.38581,TRUE,FALSE
data_set/j90.sm/j9034_7.sm,92,92,55351,143235,22586,69818,0,1259,102481,39304,0,0,191,TRUE,92,221.61249,25.14267,TRUE,FALSE
data_set/j90.sm/j9034_8.sm,81,81,35420,92637,15685,41414,0,1300,67571,23575,0,24,167,TRUE,81,141.7171,18.72162,TRUE,FALSE
data_set/j90.sm/j9034_9.sm,109,109,59241,161684,29769,67730,0,1443,120331,39719,0,0,191,TRUE,109,290.54238,24.40602,TRUE,FALSE
data_set/j90.sm/j9034_10.sm,101,101,53166,143821,26488,61380,0,1213,106974,35443,0,0,191,TRUE,101,232.89059,15.66364,TRUE,FALSE
data_set/j90.sm/j9035_1.sm,98,98,68918,182598,29449,84563,0,1959,129377,51071,0,0,191,TRUE,98,305.2911,28.86732,TRUE,FALSE
data_set/j90.sm/j9035_2.sm,92,92,43869,116669,20516,51270,0,1418,85855,29205,0,0,191,TRUE,92,181.3643,17.49809,TRUE,FALSE
data_set/j90.sm/j9035_3.sm,96,96,65352,172949,26362,78628,0,1861,125968,44929,0,0,191,TRUE,96,312.39903,25.96249,TRUE,FALSE
data_set/j90.sm/j9035_4.sm,86,86,51309,132323,21328,62458,0,1407,94976,35749,0,0,191,TRUE,86,203.63132,28.77377,TRUE,FALSE
data_set/j90.sm/j9035_5.sm,103,103,58348,156689,28029,70090,0,1837,112775,41886,0,0,191,TRUE,103,263.48756,25.24995,TRUE,FALSE
data_set/j90.sm/j9035_6.sm,72,72,31760,81068,13142,37921,0,1253,57520,22108,12,8,167,TRUE,72,124.42556,15.76097,TRUE,FALSE
data_set/j90.sm/j9035_7.sm,78,78,33293,85917,13286,37294,0,1297,62159,22270,5,11,175,TRUE,78,133.72215,11.84266,TRUE,FALSE
data_set/j90.sm/j9035_8.sm,85,85,60598,155756,22582,75507,0,1420,111182,42963,0,0,191,TRUE,85,240.83039,39.23569,TRUE,FALSE
data_set/j90.sm/j9035_9.sm,76,76,33314,85184,13751,38451,0,1080,60795,23118,0,8,183,TRUE,76,129.00615,22.00162,TRUE,FALSE
data_set/j90.sm/j9035_10.sm,82,82,47242,123065,19610,56110,0,1364,88274,33236,0,0,191,TRUE,82,185.23029,17.4273,TRUE,FALSE
data_set/j90.sm/j9036_1.sm,97,97,57720,146163,20878,71948,0,1416,103841,40715,0,0,191,TRUE,97,227.32752,21.49889,TRUE,FALSE
data_set/j90.sm/j9036_2.sm,114,114,63325,167765,28354,75875,0,1843,120412,45319,0,0,191,TRUE,114,296.85786,26.70165,TRUE,FALSE
data_set/j90.sm/j9036_3.sm,84,84,61255,152762,21474,81706,0,1512,105236,45823,0,0,191,TRUE,84,219.11965,24.73892,TRUE,FALSE
data_set/j90.sm/j9036_4.sm,79,79,53260,133659,18812,67222,0,1268,92312,39888,0,0,191,TRUE,79,196.79581,27.26486,TRUE,FALSE
data_set/j90.sm/j9036_5.sm,98,98,65322,165041,25115,84305,0,1301,115475,48074,0,0,191,TRUE,98,270.89087,37.66535,TRUE,FALSE
data_set/j90.sm/j9036_6.sm,99,99,78312,195035,27266,102508,0,1844,134110,58890,0,0,191,TRUE,99,319.56277,34.13509,TRUE,FALSE
data_set/j90.sm/j9036_7.sm,89,89,58512,147899,21716,75657,0,1344,103042,43322,0,0,191,TRUE,89,220.66949,21.60418,TRUE,FALSE
data_set/j90.sm/j9036_8.sm,84,84,50072,123757,16889,64967,0,1154,85016,37396,0,0,191,TRUE,84,180.41559,25.37452,TRUE,FALSE
data_set/j90.sm/j9036_9.sm,102,102,69989,182804,30950,87511,0,1844,129455,51314,0,0,191,TRUE,102,298.17894,24.66609,TRUE,FALSE
data_set/j90.sm/j9036_10.sm,109,109,84234,215471,32507,109230,0,1758,151434,62088,0,0,191,TRUE,109,364.19186,32.22559,TRUE,FALSE
data_set/j90.sm/j9037_1.sm,110,110,118750,277294,29013,186734,0,1544,196310,79249,0,0,191,TRUE,110,395.24594,46299.81281,TRUE,FALSE
data_set/j90.sm/j9037_2.sm,113,115,142443,336211,34342,221321,0,1741,239717,94562,0,0,191,TRUE,115,1123.81685,998113.0769,FALSE,TRUE
data_set/j90.sm/j9037_3.sm,132,132,166564,397378,41169,255331,0,1999,285921,109267,0,0,191,TRUE,132,693.60319,6993.88345,TRUE,FALSE
data_set/j90.sm/j9037_4.sm,123,123,142240,341310,39722,217855,0,1496,243660,95963,0,0,191,TRUE,123,569.92013,30447.61696,TRUE,FALSE
data_set/j90.sm/j9037_5.sm,126,126,152730,369985,41853,229217,0,1851,267176,100767,0,0,191,TRUE,126,638.40525,195254.873,TRUE,FALSE
data_set/j90.sm/j9037_6.sm,129,131,151858,366079,43117,233580,0,1978,260317,103593,0,0,191,TRUE,131,1260.11723,456106.1436,FALSE,TRUE
data_set/j90.sm/j9037_7.sm,123,123,130565,313283,34103,197182,0,1774,224711,86607,0,0,191,TRUE,123,512.4299,18302.65889,TRUE,FALSE
data_set/j90.sm/j9037_8.sm,119,119,131147,312873,35219,201715,0,1531,222930,88221,0,0,191,TRUE,119,507.77187,473738.6206,TRUE,FALSE
data_set/j90.sm/j9037_9.sm,123,123,135313,325195,36159,202595,0,1864,231122,92018,0,0,191,TRUE,123,563.19841,15911.42151,TRUE,FALSE
data_set/j90.sm/j9037_10.sm,123,123,148889,357619,40791,229186,0,1816,257006,98606,0,0,191,TRUE,123,591.97212,322661.4047,TRUE,FALSE
data_set/j90.sm/j9038_1.sm,85,85,110961,246132,18216,184668,0,1556,160687,83702,0,0,187,TRUE,85,322.03583,59.4786,TRUE,FALSE
data_set/j90.sm/j9038_2.sm,78,78,106358,231393,15456,178924,0,1433,150544,79225,2,8,181,TRUE,78,306.61578,46.22268,TRUE,FALSE
data_set/j90.sm/j9038_3.sm,89,89,123648,272446,19584,208486,0,1392,178020,92843,0,0,191,TRUE,89,364.44363,141.03212,TRUE,FALSE
data_set/j90.sm/j9038_4.sm,89,89,118437,263828,21415,195428,0,1533,175755,86349,0,0,191,TRUE,89,350.77109,43.9255,TRUE,FALSE
data_set/j90.sm/j9038_5.sm,86,86,119551,268460,22467,197316,0,1552,177750,88967,0,0,191,TRUE,86,358.07832,92.41273,TRUE,FALSE
data_set/j90.sm/j9038_6.sm,88,88,111434,246553,18497,185301,0,1436,162678,82248,0,0,191,TRUE,88,328.04045,133.36731,TRUE,FALSE
data_set/j90.sm/j9038_7.sm,85,85,125585,276564,19617,211067,0,1315,181493,93565,0,0,191,TRUE,85,362.19802,57.29357,TRUE,FALSE
data_set/j90.sm/j9038_8.sm,91,91,121988,268948,20749,204365,0,1435,176892,90430,0,5,186,TRUE,91,349.02865,65.28848,TRUE,FALSE
data_set/j90.sm/j9038_9.sm,95,95,139179,314064,26787,230287,0,1579,208525,103769,0,0,191,TRUE,95,453.49793,61.32624,TRUE,FALSE
data_set/j90.sm/j9038_10.sm,108,108,165322,373276,30363,272028,0,1537,249786,121762,0,0,191,TRUE,108,549.02034,86.55117,TRUE,FALSE
data_set/j90.sm/j9039_1.sm,106,106,209870,461007,31707,359641,0,1501,297288,162027,0,0,191,TRUE,106,659.097,92.21735,TRUE,FALSE
data_set/j90.sm/j9039_2.sm,119,119,210560,466617,34390,354281,0,2319,303404,160703,0,0,191,TRUE,119,681.30376,71.63919,TRUE,FALSE
data_set/j90.sm/j9039_3.sm,83,83,115455,248054,16283,198363,0,1069,156590,90204,0,14,177,TRUE,83,319.96946,85.07549,TRUE,FALSE
data_set/j90.sm/j9039_4.sm,81,81,149797,325232,21072,256978,0,1293,206801,116947,0,0,191,TRUE,81,416.24938,79.78688,TRUE,FALSE
data_set/j90.sm/j9039_5.sm,85,85,118980,256304,17338,203235,0,1059,161192,93862,0,8,183,TRUE,85,331.60248,49.75961,TRUE,FALSE
data_set/j90.sm/j9039_6.sm,102,102,184910,402408,27346,320265,0,1540,253617,147060,0,0,191,TRUE,102,557.469,84.75665,TRUE,FALSE
data_set/j90.sm/j9039_7.sm,85,85,129098,278291,18306,220190,0,1283,172674,104143,0,2,189,TRUE,85,366.52939,68.73557,TRUE,FALSE
data_set/j90.sm/j9039_8.sm,81,81,119037,256904,16825,203224,0,1321,163129,92263,4,0,187,TRUE,81,327.60845,57.22864,TRUE,FALSE
data_set/j90.sm/j9039_9.sm,79,79,145047,311098,18486,250228,0,1150,194349,115408,0,0,191,TRUE,79,394.87714,51.53903,TRUE,FALSE
data_set/j90.sm/j9039_10.sm,100,100,170912,375450,26611,291373,0,1546,240428,133285,0,0,191,TRUE,100,531.84241,67.72399,TRUE,FALSE
data_set/j90.sm/j9040_1.sm,95,95,202393,436657,24823,350939,0,1517,271650,163299,0,1,190,TRUE,95,622.44814,70.22567,TRUE,FALSE
data_set/j90.sm/j9040_2.sm,91,91,164926,351747,20628,286640,0,1374,214387,135795,0,2,189,TRUE,91,442.80412,58.47655,TRUE,FALSE
data_set/j90.sm/j9040_3.sm,77,77,152502,322812,16243,266491,0,1154,195302,126165,0,6,185,TRUE,77,427.61425,65.04174,TRUE,FALSE
data_set/j90.sm/j9040_4.sm,106,106,202492,441240,26942,345952,0,1561,280798,158690,0,0,191,TRUE,106,627.57922,63.25939,TRUE,FALSE
data_set/j90.sm/j9040_5.sm,92,92,212152,455083,25269,370822,0,1548,280440,172904,0,0,191,TRUE,92,629.15398,76.54119,TRUE,FALSE
data_set/j90.sm/j9040_6.sm,86,86,162149,343013,18236,283193,0,1399,207983,133440,0,0,191,TRUE,86,431.90516,61.68166,TRUE,FALSE
data_set/j90.sm/j9040_7.sm,87,87,154504,328712,18704,268816,0,1234,199917,127370,0,0,191,TRUE,87,412.20841,59.67067,TRUE,FALSE
data_set/j90.sm/j9040_8.sm,79,79,155431,327312,15811,272441,0,1187,197504,128430,0,0,191,TRUE,79,415.82892,76.82221,TRUE,FALSE
data_set/j90.sm/j9040_9.sm,98,98,201857,433004,24937,351574,0,1773,265650,165396,0,0,185,TRUE,98,596.14455,61.51349,TRUE,FALSE
data_set/j90.sm/j9040_10.sm,86,86,167790,357660,18842,293158,0,1391,220778,135300,0,0,191,TRUE,86,461.31888,69.63305,TRUE,FALSE
data_set/j90.sm/j9041_1.sm,128,142,310754,687228,45590,538964,0,1783,473942,211312,0,0,191,FALSE,0,1082.93197,0,FALSE,TRUE
data_set/j90.sm/j9041_2.sm,158,168,349243,787406,59124,593076,0,2325,548815,236075,0,0,191,FALSE,0,1385.89853,0,FALSE,TRUE
data_set/j90.sm/j9041_3.sm,147,161,336854,760337,56860,572478,0,2406,523421,234319,0,0,191,FALSE,0,1316.04063,0,FALSE,TRUE
data_set/j90.sm/j9041_4.sm,144,154,349702,780844,56964,605177,0,1816,532770,246067,0,0,191,FALSE,0,1306.3983,0,FALSE,TRUE
data_set/j90.sm/j9041_5.sm,115,127,261295,578011,37791,450706,0,1622,395867,180331,0,0,191,FALSE,0,894.87867,0,FALSE,TRUE
data_set/j90.sm/j9041_6.sm,123,135,287782,636095,40640,497972,0,1944,433144,200816,0,0,191,FALSE,0,969.78791,0,FALSE,TRUE
data_set/j90.sm/j9041_7.sm,146,157,333519,751688,56014,565559,0,2171,517696,231630,0,0,191,FALSE,0,1331.44891,0,FALSE,TRUE
data_set/j90.sm/j9041_8.sm,147,163,334297,749931,59138,574733,0,1830,516367,231543,0,0,191,FALSE,0,1269.96595,0,FALSE,TRUE
data_set/j90.sm/j9041_9.sm,109,119,285132,623340,37568,501765,0,1644,423369,198136,0,0,191,FALSE,0,924.16318,0,FALSE,TRUE
data_set/j90.sm/j9041_10.sm,147,150,339723,755267,53712,591367,0,1860,514614,238602,0,0,191,FALSE,0,1253.09061,0,FALSE,TRUE
data_set/j90.sm/j9042_1.sm,106,106,282300,599597,27974,510936,0,1735,376913,220758,0,0,191,TRUE,106,789.75106,106.13441,TRUE,FALSE
data_set/j90.sm/j9042_2.sm,102,102,265405,562376,26329,479910,0,1417,356904,203864,0,0,191,TRUE,102,748.04404,51255.4885,TRUE,FALSE
data_set/j90.sm/j9042_3.sm,94,94,250007,524948,22592,453691,0,1731,321299,201731,0,8,179,TRUE,94,698.91049,299.19835,TRUE,FALSE
data_set/j90.sm/j9042_4.sm,102,102,262260,554585,24429,474466,0,1638,345837,206919,0,0,191,TRUE,102,738.98929,96.0109,TRUE,FALSE
data_set/j90.sm/j9042_5.sm,105,105,300267,635391,27677,544362,0,1461,393989,239750,0,0,191,TRUE,105,846.60623,187.86846,TRUE,FALSE
data_set/j90.sm/j9042_6.sm,89,89,273163,572094,20760,497198,0,1394,353655,216854,0,0,191,TRUE,89,764.51513,87.69364,TRUE,FALSE
data_set/j90.sm/j9042_7.sm,87,87,207274,436980,18693,374294,0,1578,274509,160702,0,8,183,TRUE,87,535.77409,5920.07823,TRUE,FALSE
data_set/j90.sm/j9042_8.sm,105,105,377537,792503,29245,692226,0,1701,485441,305170,0,0,191,TRUE,105,1040.56111,115.09796,TRUE,FALSE
data_set/j90.sm/j9042_9.sm,83,83,203582,428481,17624,367968,0,1240,267884,159166,0,0,191,TRUE,83,523.88301,5947.65577,TRUE,FALSE
data_set/j90.sm/j9042_10.sm,90,90,239110,505796,21875,431704,0,1491,312421,191693,0,0,191,TRUE,90,619.75968,465347.2754,TRUE,FALSE
data_set/j90.sm/j9043_1.sm,99,99,302059,634811,25332,550784,0,1567,388423,244630,0,0,191,TRUE,99,853.65161,91.52395,TRUE,FALSE
data_set/j90.sm/j9043_2.sm,91,91,293884,611243,20976,538936,0,1659,367870,241523,0,0,191,TRUE,91,812.81057,118.23335,TRUE,FALSE
data_set/j90.sm/j9043_3.sm,102,102,408511,850386,28172,755685,0,1426,508135,340634,0,0,191,TRUE,102,1109.19317,146.89184,TRUE,FALSE
data_set/j90.sm/j9043_4.sm,94,94,335005,698095,23997,615933,0,1915,419514,276478,0,0,188,TRUE,94,908.35389,113.35389,TRUE,FALSE
data_set/j90.sm/j9043_5.sm,98,98,326788,676269,23537,603308,0,1236,403057,271785,0,4,187,TRUE,98,876.58844,97.97993,TRUE,FALSE
data_set/j90.sm/j9043_6.sm,114,114,397108,834412,32310,726840,0,1683,515024,317514,0,0,191,TRUE,114,1087.5153,217.33114,TRUE,FALSE
data_set/j90.sm/j9043_7.sm,88,88,229568,475487,17986,418874,0,1434,284483,189379,0,17,174,TRUE,88,567.68465,146.21625,TRUE,FALSE
data_set/j90.sm/j9043_8.sm,100,100,356689,743451,25488,656317,0,1365,446549,295346,0,0,191,TRUE,100,982.94219,167.8585,TRUE,FALSE
data_set/j90.sm/j9043_9.sm,88,88,305933,634164,21474,564576,0,1364,379168,253441,0,0,191,TRUE,88,762.92326,122.52774,TRUE,FALSE
data_set/j90.sm/j9043_10.sm,92,92,316503,656601,21902,585072,0,1323,390138,264949,0,0,191,TRUE,92,789.68336,171.59301,TRUE,FALSE
data_set/j90.sm/j9044_1.sm,100,100,406519,839349,25936,756454,0,1539,491290,346329,0,0,191,TRUE,100,1096.74863,139.03935,TRUE,FALSE
data_set/j90.sm/j9044_2.sm,92,92,316762,651382,21080,587901,0,1302,380164,269725,0,0,191,TRUE,92,779.43789,120.82502,TRUE,FALSE
data_set/j90.sm/j9044_3.sm,110,110,448795,930658,29507,831442,0,2107,550796,377564,0,0,191,TRUE,110,1189.38252,211.29384,TRUE,FALSE
data_set/j90.sm/j9044_4.sm,89,89,388789,795767,20317,727221,0,1623,454145,339808,0,1,190,TRUE,89,956.74116,223.92917,TRUE,FALSE
data_set/j90.sm/j9044_5.sm,84,84,301230,614557,16319,560304,0,1363,353082,259922,0,1,189,TRUE,84,738.87162,147.27953,TRUE,FALSE
data_set/j90.sm/j9044_6.sm,96,96,330904,683806,21861,613581,0,1532,400331,281752,0,0,191,TRUE,96,817.39679,134.64345,TRUE,FALSE
data_set/j90.sm/j9044_7.sm,93,93,415917,858652,24146,773282,0,1704,503786,352971,0,0,191,TRUE,93,1112.581,146.1171,TRUE,FALSE
data_set/j90.sm/j9044_8.sm,99,99,402951,832164,25240,750235,0,1654,485427,344892,0,6,185,TRUE,99,1077.85806,154.14658,TRUE,FALSE
data_set/j90.sm/j9044_9.sm,96,96,411314,848594,23656,765548,0,1468,496482,350453,0,0,191,TRUE,96,1118.46896,144.88421,TRUE,FALSE
data_set/j90.sm/j9044_10.sm,86,86,377628,774152,20364,704831,0,1277,443698,328986,0,0,191,TRUE,86,932.20481,146.91039,TRUE,FALSE
data_set/j90.sm/j9045_1.sm,142,146,471695,1003113,43941,862463,0,1761,652933,348228,0,0,191,FALSE,0,1423.02929,0,FALSE,TRUE
data_set/j90.sm/j9045_2.sm,136,148,544951,1160284,50170,998019,0,1776,762230,396087,0,0,191,FALSE,0,1659.30594,0,FALSE,TRUE
data_set/j90.sm/j9045_3.sm,143,154,517154,1111139,48873,931939,0,2062,743112,365774,0,0,191,FALSE,0,1767.14794,0,FALSE,TRUE
data_set/j90.sm/j9045_4.sm,125,135,466868,992119,40896,852711,0,1671,658414,331843,0,0,191,FALSE,0,1422.47352,0,FALSE,TRUE
data_set/j90.sm/j9045_5.sm,164,174,594280,1284904,66939,1076359,0,2431,859341,422941,0,0,191,FALSE,0,1998.00987,0,FALSE,TRUE
data_set/j90.sm/j9045_6.sm,162,175,592351,1283287,65836,1066090,0,2492,871268,409336,0,0,191,FALSE,0,2029.61106,0,FALSE,TRUE
data_set/j90.sm/j9045_7.sm,127,136,488133,1036696,44194,895445,0,1790,676764,357951,0,0,191,FALSE,0,1456.08944,0,FALSE,TRUE
data_set/j90.sm/j9045_8.sm,149,160,548537,1175834,54252,996481,0,1951,793367,380325,0,0,191,FALSE,0,1823.89211,0,FALSE,TRUE
data_set/j90.sm/j9045_9.sm,144,158,503314,1080440,49831,910625,0,2218,720885,357146,0,0,191,FALSE,0,1567.48926,0,FALSE,TRUE
data_set/j90.sm/j9045_10.sm,154,164,566754,1217161,59677,1030361,0,1988,810540,404442,0,0,191,FALSE,0,1899.40779,0,FALSE,TRUE
data_set/j90.sm/j9046_1.sm,104,104,385486,798583,24935,719991,0,1836,485796,310760,0,0,191,TRUE,104,1006.34452,6971.95442,TRUE,FALSE
data_set/j90.sm/j9046_2.sm,98,98,451805,934139,25958,848155,0,1314,565394,367240,0,0,191,TRUE,98,1190.7148,270.38546,TRUE,FALSE
data_set/j90.sm/j9046_3.sm,113,113,550205,1138449,32678,1034488,0,1894,683205,453159,0,0,191,TRUE,113,1430.54162,208.95707,TRUE,FALSE
data_set/j90.sm/j9046_4.sm,90,93,408695,842918,23111,768371,0,1324,505447,335956,0,0,191,FALSE,0,1071.5203,0,FALSE,TRUE
data_set/j90.sm/j9046_5.sm,91,91,486490,1000170,23271,919133,0,1807,593681,404491,0,0,191,TRUE,91,1277.50658,1317.0987,TRUE,FALSE
data_set/j90.sm/j9046_6.sm,83,83,356174,727184,16976,672937,0,1148,427637,298208,0,3,188,TRUE,83,857.28982,76144.3139,TRUE,FALSE
data_set/j90.sm/j9046_7.sm,89,89,481294,983594,21360,912694,0,1102,579816,402485,0,0,191,TRUE,89,1254.38142,3407.85608,TRUE,FALSE
data_set/j90.sm/j9046_8.sm,93,96,411099,849649,23480,771439,0,1505,513085,334868,0,0,191,FALSE,0,1077.61826,0,FALSE,TRUE
data_set/j90.sm/j9046_9.sm,85,89,317996,650703,16477,597269,0,1287,387899,261326,0,0,191,FALSE,0,759.58712,0,FALSE,TRUE
data_set/j90.sm/j9046_10.sm,114,114,540696,1118410,32683,1017396,0,1652,668840,447727,0,0,191,TRUE,114,1411.14743,202.49672,TRUE,FALSE
data_set/j90.sm/j9047_1.sm,82,82,456606,929747,18235,867477,0,1472,535428,392656,0,0,191,TRUE,82,1103.34193,299.54217,TRUE,FALSE
data_set/j90.sm/j9047_2.sm,90,90,560244,1141422,21662,1067002,0,1279,656341,483611,0,0,191,TRUE,90,1357.16797,273.81567,TRUE,FALSE
data_set/j90.sm/j9047_3.sm,102,102,626923,1286959,30629,1192310,0,1692,751961,533115,0,0,191,TRUE,102,1615.66019,334.74565,TRUE,FALSE
data_set/j90.sm/j9047_4.sm,93,93,439310,897696,20987,832669,0,1643,525930,369932,0,1,190,TRUE,93,1119.36889,369.89243,TRUE,FALSE
data_set/j90.sm/j9047_5.sm,93,93,495538,1012472,22913,940828,0,1608,589268,421405,0,0,191,TRUE,93,1279.65595,206.31811,TRUE,FALSE
data_set/j90.sm/j9047_6.sm,98,98,586986,1202760,26216,1113746,0,2001,704039,496529,0,0,191,TRUE,98,1519.53261,298.39195,TRUE,FALSE
data_set/j90.sm/j9047_7.sm,94,94,538387,1095160,22303,1028310,0,1395,622781,470793,0,1,190,TRUE,94,1290.20599,278.5108,TRUE,FALSE
data_set/j90.sm/j9047_8.sm,98,98,543165,1112665,25250,1028168,0,1359,650054,461061,0,0,191,TRUE,98,1418.65834,256.19922,TRUE,FALSE
data_set/j90.sm/j9047_9.sm,86,86,457551,932181,18289,869382,0,1587,538911,391492,0,0,191,TRUE,86,1105.42867,280.65982,TRUE,FALSE
data_set/j90.sm/j9047_10.sm,65,65,350975,712379,13172,666919,0,1100,410055,301034,0,0,190,TRUE,65,845.46768,306.69714,TRUE,FALSE
data_set/j90.sm/j9048_1.sm,83,83,508026,1023020,17012,971515,0,1051,562423,459355,0,0,191,TRUE,83,1218.73553,252.43415,TRUE,FALSE
data_set/j90.sm/j9048_2.sm,89,89,598493,1210927,19842,1143921,0,1455,676091,533190,0,0,191,TRUE,89,1425.25304,364.40371,TRUE,FALSE
data_set/j90.sm/j9048_3.sm,86,86,616333,1246620,20147,1180116,0,1336,697714,547379,0,0,191,TRUE,86,1469.02023,322.66081,TRUE,FALSE
data_set/j90.sm/j9048_4.sm,91,91,592286,1199710,21078,1131681,0,1274,675634,522611,0,0,191,TRUE,91,1406.11177,423.60997,TRUE,FALSE
data_set/j90.sm/j9048_5.sm,75,75,400332,804992,13029,763976,0,980,445647,358174,1,26,164,TRUE,75,957.87026,394.05622,TRUE,FALSE
data_set/j90.sm/j9048_6.sm,114,114,827882,1683766,32322,1583640,0,1568,953423,728584,0,0,191,TRUE,114,2118.28837,358.24024,TRUE,FALSE
data_set/j90.sm/j9048_7.sm,103,103,844302,1708424,26309,1618676,0,1731,948418,758084,0,0,191,TRUE,103,2186.49984,484.69207,TRUE,FALSE
data_set/j90.sm/j9048_8.sm,74,74,515474,1043351,16367,987399,0,1117,582981,459062,0,0,191,TRUE,74,1254.91572,352.42502,TRUE,FALSE
data_set/j90.sm/j9048_9.sm,89,89,637770,1293876,22270,1219559,0,1567,728911,563207,0,0,191,TRUE,89,1632.81097,411.76954,TRUE,FALSE
data_set/j90.sm/j9048_10.sm,93,93,771144,1564452,25949,1477866,0,1937,871091,691233,0,0,191,TRUE,93,2011.94909,385.32842,TRUE,FALSE
