file_name,num_var,num_clause,zero_lits,one_lits,two_lits,three_lits,four_lits,five_to_ten,more_than_ten,feasible,make_span,total_encoding_time,total_solving_time,optimized,timeout
data_set/j90.sm/j901_1.sm,27947,75466,0,1048,56927,17356,0,4,131,True,73,166.12743,187.2574,True,False
data_set/j90.sm/j901_2.sm,44899,120591,0,1097,89921,29438,0,1,134,True,92,289.85434,29.48914,True,False
data_set/j90.sm/j901_3.sm,27849,73726,0,877,54558,18156,0,1,134,True,66,169.64035,61.36634,True,False
data_set/j90.sm/j901_4.sm,33493,92826,0,1058,70706,20927,0,0,135,True,86,185.39021,43.19244,True,False
data_set/j90.sm/j901_5.sm,38886,104505,0,1063,78766,24541,0,0,135,True,87,216.2465,29.8267,True,False
data_set/j90.sm/j901_6.sm,30842,82343,0,766,61598,19844,0,0,135,True,74,232.78599,46.36081,True,False
data_set/j90.sm/j901_7.sm,34893,96820,0,1115,73653,21917,0,1,134,True,91,244.04868,33.27533,True,False
data_set/j90.sm/j901_8.sm,39193,110361,0,1158,84678,24390,0,0,135,True,95,277.46826,69.27424,True,False
data_set/j90.sm/j901_9.sm,31928,83431,0,965,62021,20310,0,1,134,True,72,243.90056,81.82609,True,False
data_set/j90.sm/j901_10.sm,36592,100056,0,1084,75658,23179,1,7,127,True,90,310.39105,70.08518,True,False
data_set/j90.sm/j902_1.sm,63112,160946,0,1098,114824,44889,0,0,135,True,96,389.33497,52.75814,True,False
data_set/j90.sm/j902_2.sm,74027,191613,0,1539,138729,51210,0,0,135,True,114,457.2853,44.07087,True,False
data_set/j90.sm/j902_3.sm,36129,92270,0,991,66845,24300,0,0,134,True,75,209.11683,27.85599,True,False
data_set/j90.sm/j902_4.sm,35237,88469,0,934,62058,25342,0,0,135,True,70,160.55536,16.09921,True,False
data_set/j90.sm/j902_5.sm,57831,151080,0,1180,109067,40698,0,0,135,True,100,341.62552,31.7319,True,False
data_set/j90.sm/j902_6.sm,34661,85923,0,863,60710,24215,0,3,132,True,67,163.47427,24.06655,True,False
data_set/j90.sm/j902_7.sm,52472,135842,0,1083,97375,37249,0,0,135,True,92,295.02363,26.97339,True,False
data_set/j90.sm/j902_8.sm,33262,83599,0,853,58814,23811,0,0,121,True,82,177.86956,24.40977,True,False
data_set/j90.sm/j902_9.sm,34256,86389,0,1000,62128,23133,0,5,123,True,79,171.98969,18.32572,True,False
data_set/j90.sm/j902_10.sm,41876,107044,0,962,77837,28110,0,0,135,True,80,194.00918,26.01278,True,False
data_set/j90.sm/j903_1.sm,51454,125723,0,996,87543,37049,0,2,133,True,81,269.03355,28.12354,True,False
data_set/j90.sm/j903_2.sm,57232,141447,0,1196,99099,41017,0,3,132,True,84,280.02579,56.97705,True,False
data_set/j90.sm/j903_3.sm,36024,88268,0,871,61685,25582,0,4,126,True,71,179.7306,23.66161,True,False
data_set/j90.sm/j903_4.sm,65974,169051,0,1250,121857,45809,0,0,135,True,104,496.40321,68.634,True,False
data_set/j90.sm/j903_5.sm,41432,100479,0,869,67367,32108,0,7,128,True,75,201.72725,37.74997,True,False
data_set/j90.sm/j903_6.sm,33247,81758,0,959,56793,23879,0,10,117,True,68,190.52249,20.73723,True,False
data_set/j90.sm/j903_7.sm,55697,141690,0,1319,100729,39511,0,0,131,True,87,294.00509,45.25412,True,False
data_set/j90.sm/j903_8.sm,49797,126776,0,1114,90308,35220,0,0,134,True,86,248.56787,23.53687,True,False
data_set/j90.sm/j903_9.sm,30045,73220,0,682,50404,22004,0,1,129,True,61,133.51103,17.46382,True,False
data_set/j90.sm/j903_10.sm,27663,68304,0,867,47311,19996,0,8,122,True,65,130.53176,24.11327,True,False
data_set/j90.sm/j904_1.sm,70886,173118,0,1066,119789,52128,0,0,135,True,93,358.68345,44.74807,True,False
data_set/j90.sm/j904_2.sm,59553,146741,0,1081,102188,43338,0,0,134,True,89,272.37193,28.81667,True,False
data_set/j90.sm/j904_3.sm,38342,91606,0,893,61699,28886,0,11,117,True,67,182.55208,21.77481,True,False
data_set/j90.sm/j904_4.sm,65742,160105,0,1220,108508,50242,0,5,130,True,92,358.52278,56.01588,True,False
data_set/j90.sm/j904_5.sm,56508,142364,0,1221,99995,41013,0,1,134,True,88,268.85735,44.51211,True,False
data_set/j90.sm/j904_6.sm,46015,110556,0,819,75365,34237,0,5,130,True,78,233.89628,66.39201,True,False
data_set/j90.sm/j904_7.sm,40561,99518,0,755,68368,30260,0,0,135,True,80,210.19582,23.48776,True,False
data_set/j90.sm/j904_8.sm,40232,96294,0,886,65520,29756,0,1,131,True,69,196.54192,26.87763,True,False
data_set/j90.sm/j904_9.sm,40549,100521,0,1130,69426,29835,1,8,121,True,79,219.12929,26.36665,True,False
data_set/j90.sm/j904_10.sm,39370,93823,0,896,62407,30386,0,0,134,True,68,163.86105,21.27942,True,False
data_set/j90.sm/j905_1.sm,102711,228794,0,927,154318,73414,0,0,135,True,78,399.44293,3066.4208,True,False
data_set/j90.sm/j905_2.sm,113526,256945,0,1257,178343,77210,0,0,135,True,93,479.09024,43592.12562,True,False
data_set/j90.sm/j905_3.sm,106430,241561,0,976,168009,72441,0,0,135,False,0,436.3375,0,False,True
data_set/j90.sm/j905_4.sm,134157,307605,0,1200,213538,92732,0,0,135,True,103,1232.72605,1970768.18945,False,True
data_set/j90.sm/j905_5.sm,139695,323251,0,1391,227501,94224,0,0,135,False,0,1042.44122,0,False,True
data_set/j90.sm/j905_6.sm,99549,225658,0,1074,155483,68966,0,0,135,False,0,423.66002,0,False,True
data_set/j90.sm/j905_7.sm,139859,320834,0,1427,223907,95365,0,0,135,False,0,639.33328,0,False,True
data_set/j90.sm/j905_8.sm,109135,251668,0,1124,176084,74325,0,0,135,False,0,452.08028,0,False,True
data_set/j90.sm/j905_9.sm,125609,295501,0,1483,213154,80729,0,0,135,False,0,616.9411,0,False,True
data_set/j90.sm/j905_10.sm,119220,271630,0,1181,189257,81057,0,0,135,False,0,477.91965,0,False,True
data_set/j90.sm/j906_1.sm,112139,240626,0,1002,151055,88438,0,2,129,True,82,488.36594,77.93035,True,False
data_set/j90.sm/j906_2.sm,147606,319685,0,940,205879,112731,0,0,135,True,86,609.59313,179.31443,True,False
data_set/j90.sm/j906_3.sm,106477,231937,0,998,152549,78256,0,0,134,True,77,457.8907,839.19455,True,False
data_set/j90.sm/j906_4.sm,154094,329026,0,947,205294,122650,0,3,132,True,80,905.15337,180.27066,True,False
data_set/j90.sm/j906_5.sm,93011,199753,0,997,127994,70634,0,4,124,True,71,365.81656,104.58885,True,False
data_set/j90.sm/j906_6.sm,167519,365477,0,1170,235047,129125,0,4,131,True,98,743.40555,109.71729,True,False
data_set/j90.sm/j906_7.sm,121508,256772,0,860,159145,96633,0,1,133,True,71,506.48676,63.29723,True,False
data_set/j90.sm/j906_8.sm,84194,178850,0,853,113238,64627,0,11,121,True,68,306.98515,1276.1581,True,False
data_set/j90.sm/j906_9.sm,73714,156760,0,685,97771,58172,0,7,125,True,68,267.55307,78.66901,True,False
data_set/j90.sm/j906_10.sm,166063,361518,0,1147,231464,128772,0,0,135,True,94,814.48734,208.15625,True,False
data_set/j90.sm/j907_1.sm,145497,306917,0,1321,183841,121622,0,8,125,True,88,725.67571,119.04842,True,False
data_set/j90.sm/j907_2.sm,164030,343517,0,874,205492,137016,0,3,132,True,77,846.98031,130.10998,True,False
data_set/j90.sm/j907_3.sm,150022,316967,0,1011,194379,121444,0,0,133,True,80,619.0985,93.77382,True,False
data_set/j90.sm/j907_4.sm,163550,349272,0,1106,218207,129827,0,0,132,True,86,635.27752,106.15338,True,False
data_set/j90.sm/j907_5.sm,135305,285699,0,967,177356,107246,0,0,130,True,79,540.5036,78.83181,True,False
data_set/j90.sm/j907_6.sm,178824,382415,0,1284,239415,141583,0,0,133,True,90,761.16526,68.79111,True,False
data_set/j90.sm/j907_7.sm,214476,452034,0,1183,273660,177056,2,0,133,True,90,898.10526,96.86045,True,False
data_set/j90.sm/j907_8.sm,93852,194794,0,832,115402,78430,0,21,109,True,60,325.88966,61.72221,True,False
data_set/j90.sm/j907_9.sm,113896,244580,0,1068,154367,89014,0,0,131,True,83,430.47661,60.06101,True,False
data_set/j90.sm/j907_10.sm,183272,391595,0,1125,241503,148832,0,0,135,True,98,794.31941,110.89881,True,False
data_set/j90.sm/j908_1.sm,234264,494901,0,1196,297579,195991,0,0,135,True,96,1005.7826,166.4115,True,False
data_set/j90.sm/j908_2.sm,150017,314810,0,1069,191193,122413,0,1,134,True,78,803.35492,64.54768,True,False
data_set/j90.sm/j908_3.sm,145607,301433,0,833,175867,124598,0,8,127,True,70,539.78133,88.04976,True,False
data_set/j90.sm/j908_4.sm,127102,267771,0,1035,160222,106382,0,3,129,True,77,472.74838,156.62945,True,False
data_set/j90.sm/j908_5.sm,131333,270344,0,664,155507,114038,0,2,133,True,63,454.9204,155.88016,True,False
data_set/j90.sm/j908_6.sm,113839,236006,0,773,138155,96944,0,1,133,True,70,417.19779,117.55496,True,False
data_set/j90.sm/j908_7.sm,149067,310864,0,938,184198,125594,0,0,134,True,77,550.8246,108.16864,True,False
data_set/j90.sm/j908_8.sm,130500,268387,0,739,154478,113036,0,5,129,True,68,464.60306,70.95161,True,False
data_set/j90.sm/j908_9.sm,226163,476344,0,1353,285230,189626,0,0,135,True,97,908.11372,143.4438,True,False
data_set/j90.sm/j908_10.sm,181213,379675,0,1110,227790,150642,0,0,133,True,88,675.8026,121.62138,True,False
data_set/j90.sm/j909_1.sm,249724,536664,0,1183,351978,183368,0,0,135,False,0,1028.26147,0,False,True
data_set/j90.sm/j909_2.sm,308920,670855,0,1611,447376,221733,0,0,135,False,0,1607.81497,0,False,True
data_set/j90.sm/j909_3.sm,237188,508755,0,1213,335022,172385,0,0,135,False,0,1084.19411,0,False,True
data_set/j90.sm/j909_4.sm,278159,604774,0,1645,408552,194442,0,0,135,False,0,1175.66507,0,False,True
data_set/j90.sm/j909_5.sm,308460,677779,0,1664,458906,217074,0,0,135,False,0,1607.67037,0,False,True
data_set/j90.sm/j909_6.sm,264830,573722,0,1398,384193,187996,0,0,135,False,0,1641.79983,0,False,True
data_set/j90.sm/j909_7.sm,254606,549987,0,1263,369831,178758,0,0,135,False,0,1369.60765,0,False,True
data_set/j90.sm/j909_8.sm,260527,565071,0,1321,375898,187717,0,0,135,False,0,1257.89636,0,False,True
data_set/j90.sm/j909_9.sm,273366,591660,0,1260,398186,192079,0,0,135,False,0,1651.11663,0,False,True
data_set/j90.sm/j909_10.sm,259343,560108,0,1394,372745,185834,0,0,135,False,0,1380.66904,0,False,True
data_set/j90.sm/j9010_1.sm,207345,424704,0,1000,251286,172286,0,16,116,True,77,1123.49051,207.33967,True,False
data_set/j90.sm/j9010_2.sm,284469,594608,0,1327,365730,227416,0,0,135,True,95,1245.9318,1075.69092,True,False
data_set/j90.sm/j9010_3.sm,354377,741466,0,1459,454554,285321,0,0,132,True,112,1480.09218,329.02398,True,False
data_set/j90.sm/j9010_4.sm,416358,858892,0,1113,503461,354184,0,0,134,True,94,1797.75063,485.71665,True,False
data_set/j90.sm/j9010_5.sm,268171,550552,0,822,321586,228010,0,0,134,True,78,1069.30399,1027.52491,True,False
data_set/j90.sm/j9010_6.sm,285176,590947,0,1109,356258,233446,0,1,133,True,92,1222.11378,471.01814,True,False
data_set/j90.sm/j9010_7.sm,273537,560526,0,997,331016,228378,0,2,133,True,83,1489.75927,508.35697,True,False
data_set/j90.sm/j9010_8.sm,184982,384465,0,1170,235983,147177,0,1,134,True,81,721.11518,255.53523,True,False
data_set/j90.sm/j9010_9.sm,269088,557179,0,1205,332327,223513,0,1,133,True,88,1380.94747,249.65701,True,False
data_set/j90.sm/j9010_10.sm,192209,396371,0,948,237549,157746,1,2,125,True,75,833.76484,542.85106,True,False
data_set/j90.sm/j9011_1.sm,355516,731252,0,1324,429624,300169,0,0,135,True,86,1513.86669,307.6497,True,False
data_set/j90.sm/j9011_2.sm,333716,696709,0,1694,421407,273474,0,0,134,True,99,1572.76536,164.57709,True,False
data_set/j90.sm/j9011_3.sm,227539,464047,0,884,269319,193714,1,4,125,True,69,989.12642,288.34368,True,False
data_set/j90.sm/j9011_4.sm,208779,425799,0,862,249204,175601,0,2,130,True,64,834.10386,350.06424,True,False
data_set/j90.sm/j9011_5.sm,340482,694713,0,1033,401100,292446,0,0,134,True,81,1543.28811,391.47045,True,False
data_set/j90.sm/j9011_6.sm,282248,578084,0,962,335966,241021,0,0,135,True,78,1182.7853,326.04208,True,False
data_set/j90.sm/j9011_7.sm,347994,713596,0,1112,416316,296034,1,0,133,True,95,1630.77592,290.63242,True,False
data_set/j90.sm/j9011_8.sm,248753,509926,0,1138,301732,206930,0,2,124,True,82,1266.64014,515.43614,True,False
data_set/j90.sm/j9011_9.sm,271592,555987,0,981,326867,228004,3,5,127,True,81,1210.82767,174.05912,True,False
data_set/j90.sm/j9011_10.sm,268602,553236,0,1232,328655,223215,0,0,134,True,81,1043.96791,206.68973,True,False
data_set/j90.sm/j9012_1.sm,376171,761644,0,918,423469,337124,0,0,133,True,71,1576.71332,152.13218,True,False
data_set/j90.sm/j9012_2.sm,389850,786965,0,891,434703,351238,0,2,131,True,71,1829.48878,278.55714,True,False
data_set/j90.sm/j9012_3.sm,443912,902737,0,1228,506785,394589,0,0,135,True,93,2108.38643,385.02759,True,False
data_set/j90.sm/j9012_4.sm,308095,621521,0,968,343210,277219,1,10,113,True,73,1531.8849,369.21753,True,False
data_set/j90.sm/j9012_5.sm,475196,963112,0,964,531973,430042,0,3,130,True,83,2275.17873,341.23292,True,False
data_set/j90.sm/j9012_6.sm,445354,902562,0,985,502356,399086,0,0,135,True,81,1885.21224,164.00173,True,False
data_set/j90.sm/j9012_7.sm,357345,724104,0,1022,403219,319728,0,5,130,True,77,1682.66397,258.55485,True,False
data_set/j90.sm/j9012_8.sm,462919,936860,0,929,521298,414499,0,0,134,True,83,2100.52888,302.90745,True,False
data_set/j90.sm/j9012_9.sm,343911,694917,0,1055,387451,306279,0,14,118,True,77,1389.21364,293.03259,True,False
data_set/j90.sm/j9012_10.sm,333433,679084,0,1117,384669,293165,0,3,130,True,86,1571.03057,208.08767,True,False
data_set/j90.sm/j9013_1.sm,493695,1044964,0,1751,694018,349060,0,0,135,False,0,2981.4578,0,False,True
data_set/j90.sm/j9013_2.sm,487509,1024671,0,1330,647406,375800,0,0,135,False,0,3357.10058,0,False,True
data_set/j90.sm/j9013_3.sm,439368,915027,0,1237,574209,339446,0,0,135,False,0,2876.35534,0,False,True
data_set/j90.sm/j9013_4.sm,485078,1012989,0,1307,633952,377595,0,0,135,False,0,3039.26452,0,False,True
data_set/j90.sm/j9013_5.sm,473124,991101,0,1353,623164,366449,0,0,135,False,0,2616.21143,0,False,True
data_set/j90.sm/j9013_6.sm,467584,984128,0,1410,626793,355790,0,0,135,False,0,2835.77429,0,False,True
data_set/j90.sm/j9013_7.sm,469511,987172,0,1389,629586,356062,0,0,135,False,0,2763.53137,0,False,True
data_set/j90.sm/j9013_8.sm,525533,1098991,0,1380,687162,410314,0,0,135,False,0,2904.90146,0,False,True
data_set/j90.sm/j9013_9.sm,443978,934294,0,1467,606502,326190,0,0,135,False,0,2567.40899,0,False,True
data_set/j90.sm/j9013_10.sm,459204,963649,0,1406,615031,347077,0,0,135,False,0,2141.26849,0,False,True
data_set/j90.sm/j9014_1.sm,417168,849851,0,1104,496699,351918,0,0,130,True,89,2032.21242,401.59031,True,False
data_set/j90.sm/j9014_2.sm,375042,763773,0,1041,442723,319877,0,0,132,True,79,1433.78347,1346.13665,True,False
data_set/j90.sm/j9014_3.sm,591416,1202719,0,1064,690330,511192,0,0,133,True,94,2501.56153,1031.48434,True,False
data_set/j90.sm/j9014_4.sm,470203,959128,0,1077,559334,398582,0,0,135,True,88,1979.64486,1156.94577,True,False
data_set/j90.sm/j9014_5.sm,451415,915451,0,1084,524443,389791,0,1,132,True,84,1640.99083,491.36716,True,False
data_set/j90.sm/j9014_6.sm,353333,718584,0,1046,416946,300461,0,0,131,True,76,1402.93449,21020.8673,True,False
data_set/j90.sm/j9014_7.sm,543797,1099755,0,1123,620478,478022,0,0,132,True,86,2378.44295,638.73803,True,False
data_set/j90.sm/j9014_8.sm,389330,791263,0,982,454286,335862,0,4,129,True,80,1516.81716,869.81328,True,False
data_set/j90.sm/j9014_9.sm,636921,1308391,0,1516,772881,533859,0,0,135,True,112,2680.25565,838.48128,True,False
data_set/j90.sm/j9014_10.sm,366122,746048,0,961,436392,308560,0,3,132,True,85,1490.40331,908.3671,True,False
data_set/j90.sm/j9015_1.sm,504996,1017614,0,902,568317,448264,0,1,130,True,76,2402.15202,644.54087,True,False
data_set/j90.sm/j9015_2.sm,410907,828759,0,1114,463137,364385,0,1,122,True,71,2031.05199,369.7288,True,False
data_set/j90.sm/j9015_3.sm,485842,983426,0,1012,556863,425416,0,3,132,True,82,1898.60006,434.54155,True,False
data_set/j90.sm/j9015_4.sm,756119,1529575,0,1158,854654,673630,0,0,133,True,92,3557.31599,762.34318,True,False
data_set/j90.sm/j9015_5.sm,496029,1011407,0,1198,586168,423906,0,0,135,True,93,2145.23029,322.30263,True,False
data_set/j90.sm/j9015_6.sm,373677,750051,0,915,416470,332534,0,17,115,True,61,1679.5947,417.47642,True,False
data_set/j90.sm/j9015_7.sm,459556,928774,0,1100,527222,400320,0,12,120,True,82,1843.39535,350.16562,True,False
data_set/j90.sm/j9015_8.sm,375859,760499,0,1200,433704,325462,0,6,127,True,82,1516.95509,510.62365,True,False
data_set/j90.sm/j9015_9.sm,523641,1056784,0,1028,591895,463726,0,4,131,True,83,2044.57394,445.1514,True,False
data_set/j90.sm/j9015_10.sm,476101,965737,0,1102,548517,415984,0,0,134,True,78,1920.2322,424.54167,True,False
data_set/j90.sm/j9016_1.sm,696991,1401284,0,913,764511,635725,0,0,135,True,85,2958.73062,443.86453,True,False
data_set/j90.sm/j9016_2.sm,644578,1295325,0,972,707287,586933,0,0,133,True,71,2552.79443,341.92627,True,False
data_set/j90.sm/j9016_3.sm,411385,827394,0,922,460059,366285,0,6,122,True,73,1590.23744,202.3953,True,False
data_set/j90.sm/j9016_4.sm,435311,871039,0,915,475935,394060,2,12,115,True,69,1678.38533,224.72387,True,False
data_set/j90.sm/j9016_5.sm,458752,919982,0,841,503291,415715,0,15,120,True,71,1824.92976,304.22425,True,False
data_set/j90.sm/j9016_6.sm,508760,1016354,0,945,542203,473072,0,4,130,True,74,2428.18685,464.26646,True,False
data_set/j90.sm/j9016_7.sm,490728,983010,0,957,538141,443786,0,7,119,True,65,2250.33678,342.66506,True,False
data_set/j90.sm/j9016_8.sm,584053,1170279,0,909,633963,535272,1,0,134,True,71,3446.40884,695.98494,True,False
data_set/j90.sm/j9016_9.sm,342729,686207,0,951,376487,308634,0,25,110,True,66,1905.42998,283.10778,True,False
data_set/j90.sm/j9016_10.sm,564288,1135723,0,1080,627647,506861,0,2,133,True,71,3178.79268,332.67405,True,False
data_set/j90.sm/j9017_1.sm,38274,108066,0,1127,82219,24557,0,0,163,True,92,356.63797,71.65791,True,False
data_set/j90.sm/j9017_2.sm,45342,129228,0,1692,98451,28922,0,0,163,True,100,431.34382,192.91059,True,False
data_set/j90.sm/j9017_3.sm,36738,101221,0,1069,76006,23983,1,0,162,True,89,318.40905,40.25446,True,False
data_set/j90.sm/j9017_4.sm,47929,131537,0,1307,99688,30379,0,0,163,True,94,429.15466,57.2913,True,False
data_set/j90.sm/j9017_5.sm,57691,160595,0,1597,122207,36628,0,0,163,True,113,606.30402,44.43457,True,False
data_set/j90.sm/j9017_6.sm,42340,116745,0,1446,88615,26521,0,0,163,True,94,371.41851,46.16558,True,False
data_set/j90.sm/j9017_7.sm,34307,93057,0,1140,68668,23086,0,3,160,True,80,286.84374,29.61428,True,False
data_set/j90.sm/j9017_8.sm,58269,164416,0,1369,127120,35764,0,0,163,True,113,609.14822,65.30312,True,False
data_set/j90.sm/j9017_9.sm,42775,122387,0,1485,94119,26620,0,0,163,True,96,413.10891,161.06447,True,False
data_set/j90.sm/j9017_10.sm,41758,115476,0,1270,87883,26160,0,0,163,True,89,362.10939,106.00396,True,False
data_set/j90.sm/j9018_1.sm,61582,162886,0,1406,119402,41915,0,0,163,True,101,543.73733,61.46547,True,False
data_set/j90.sm/j9018_2.sm,50296,132547,0,1483,97397,33504,0,6,157,True,94,406.10479,29.90435,True,False
data_set/j90.sm/j9018_3.sm,42570,110585,0,1116,79502,29804,0,0,163,True,83,338.09594,38.27997,True,False
data_set/j90.sm/j9018_4.sm,63110,164376,0,1556,118675,43982,0,0,163,True,98,534.97078,64.55966,True,False
data_set/j90.sm/j9018_5.sm,53430,141051,0,1347,102470,37071,0,0,163,True,90,441.4152,64.02949,True,False
data_set/j90.sm/j9018_6.sm,46723,122103,0,1166,89882,30893,0,1,161,True,83,393.36292,56.10571,True,False
data_set/j90.sm/j9018_7.sm,35089,90220,0,1043,65758,23256,0,6,157,True,73,272.30501,35.8828,True,False
data_set/j90.sm/j9018_8.sm,54185,140489,0,1579,99316,39431,0,0,163,True,92,425.73559,44.57186,True,False
data_set/j90.sm/j9018_9.sm,47309,118953,0,1018,84892,32880,0,0,163,True,79,350.43684,37.31774,True,False
data_set/j90.sm/j9018_10.sm,51805,137430,0,1358,100092,35817,0,0,163,True,94,427.17626,57.54563,True,False
data_set/j90.sm/j9019_1.sm,59592,153360,0,1423,109491,42283,0,0,163,True,98,505.04331,46.60106,True,False
data_set/j90.sm/j9019_2.sm,48981,122604,0,1137,86130,35174,0,0,163,True,83,355.79447,67.38178,True,False
data_set/j90.sm/j9019_3.sm,55254,137549,0,1192,96411,39783,0,0,163,True,89,402.17618,66.49018,True,False
data_set/j90.sm/j9019_4.sm,50332,126091,0,1262,86438,38228,0,0,163,True,77,371.34168,42.0456,True,False
data_set/j90.sm/j9019_5.sm,46000,112029,0,888,77750,33228,0,0,163,True,66,244.57266,28.38997,True,False
data_set/j90.sm/j9019_6.sm,100150,262446,0,1865,189302,71116,0,0,163,True,136,762.6408,66.00008,True,False
data_set/j90.sm/j9019_7.sm,29701,74679,0,893,52620,21013,0,10,143,True,66,191.00813,23.61521,True,False
data_set/j90.sm/j9019_8.sm,46486,119947,0,1120,87191,31473,0,0,163,True,91,270.52308,34.44855,True,False
data_set/j90.sm/j9019_9.sm,90829,236122,0,1701,169036,65222,0,0,163,True,121,612.4182,54.45794,True,False
data_set/j90.sm/j9019_10.sm,59504,147222,0,1037,101578,44444,0,0,163,True,85,279.71568,36.91978,True,False
data_set/j90.sm/j9020_1.sm,52710,132511,0,1094,91903,39352,2,5,155,True,85,256.89062,33.16403,True,False
data_set/j90.sm/j9020_2.sm,31321,78885,0,980,55340,22404,0,10,151,True,76,165.21655,22.6466,True,False
data_set/j90.sm/j9020_3.sm,55897,139503,0,1533,95369,42438,0,15,148,True,86,273.0175,45.32872,True,False
data_set/j90.sm/j9020_4.sm,51120,126989,0,1290,87771,37765,0,0,163,True,86,236.59697,38.24451,True,False
data_set/j90.sm/j9020_5.sm,67107,163713,0,1149,110824,51577,0,4,159,True,88,367.04462,110.45156,True,False
data_set/j90.sm/j9020_6.sm,38457,95039,0,1127,64937,28812,0,9,154,True,83,283.22534,50.76167,True,False
data_set/j90.sm/j9020_7.sm,64851,157092,0,1233,105816,49880,0,0,163,True,82,326.86122,57.81478,True,False
data_set/j90.sm/j9020_8.sm,42243,107787,0,1149,75714,30761,0,11,152,True,85,206.3727,36.34875,True,False
data_set/j90.sm/j9020_9.sm,48107,117400,0,975,79351,36911,0,0,163,True,76,303.83905,55.60212,True,False
data_set/j90.sm/j9020_10.sm,51317,134134,0,1286,96355,36330,0,0,163,True,89,264.98972,40.2061,True,False
data_set/j90.sm/j9021_1.sm,135859,321326,0,1484,230677,89002,0,0,163,False,0,919.103,0,False,True
data_set/j90.sm/j9021_2.sm,131737,309240,0,1567,220358,87152,0,0,163,True,116,728.0122,1248284.95483,True,False
data_set/j90.sm/j9021_3.sm,162372,379830,0,1722,268655,109290,0,0,163,True,124,829.22983,168950.36974,True,False
data_set/j90.sm/j9021_4.sm,136291,313557,0,1293,220768,91333,0,0,163,True,106,647.34346,5535.54598,True,False
data_set/j90.sm/j9021_5.sm,137690,323857,0,1950,227590,94154,0,0,163,True,112,684.50752,135982.94978,True,False
data_set/j90.sm/j9021_6.sm,136230,315391,0,1491,220778,92959,0,0,163,True,106,619.34706,1378767.04227,True,False
data_set/j90.sm/j9021_7.sm,116301,274121,0,1653,193301,79004,0,0,163,False,0,812.47043,0,False,True
data_set/j90.sm/j9021_8.sm,133038,313258,0,1494,221247,90354,0,0,163,False,0,732.69426,0,False,True
data_set/j90.sm/j9021_9.sm,135758,322334,0,1830,229333,91008,0,0,163,True,121,700.41887,51011.44675,True,False
data_set/j90.sm/j9021_10.sm,134208,312709,0,1506,222345,88695,0,0,163,True,109,633.64772,45120.39482,True,False
data_set/j90.sm/j9022_1.sm,201727,446386,0,1493,292830,151900,0,0,163,True,108,921.69618,101.65335,True,False
data_set/j90.sm/j9022_2.sm,137808,301775,0,1594,194626,105392,0,0,163,True,85,592.56613,91.94011,True,False
data_set/j90.sm/j9022_3.sm,120432,265831,0,1286,174048,90334,0,0,163,True,83,511.08467,223.21981,True,False
data_set/j90.sm/j9022_4.sm,155543,342010,0,1435,222995,117417,0,0,163,True,96,632.51647,59.88406,True,False
data_set/j90.sm/j9022_5.sm,136655,305030,0,1334,203624,99909,0,0,163,True,96,633.08791,93.90412,True,False
data_set/j90.sm/j9022_6.sm,97971,211247,0,1053,134675,75357,0,20,142,True,71,345.50121,98.57298,True,False
data_set/j90.sm/j9022_7.sm,137877,302931,0,1218,199492,102059,0,0,162,True,90,588.44243,114.19802,True,False
data_set/j90.sm/j9022_8.sm,209951,451706,0,1143,281280,169120,0,0,163,True,97,920.0173,124.02332,True,False
data_set/j90.sm/j9022_9.sm,128114,287723,0,1745,193997,91818,0,0,163,True,101,543.66187,159.6546,True,False
data_set/j90.sm/j9022_10.sm,101007,220983,0,1164,144165,75491,0,2,161,True,75,469.00381,124.59549,True,False
data_set/j90.sm/j9023_1.sm,146154,318576,0,1231,204550,112632,0,0,163,True,90,603.2856,203.06667,True,False
data_set/j90.sm/j9023_2.sm,147745,316888,0,1215,195043,120471,0,3,156,True,84,598.51709,85.71218,True,False
data_set/j90.sm/j9023_3.sm,240915,521194,0,1468,328509,191054,0,0,163,True,116,1102.86149,168.58576,True,False
data_set/j90.sm/j9023_4.sm,151264,327644,0,1449,210017,116015,0,0,163,True,85,575.68511,85.36851,True,False
data_set/j90.sm/j9023_5.sm,165835,360563,0,1333,226760,132307,0,0,163,True,95,674.97622,137.14002,True,False
data_set/j90.sm/j9023_6.sm,154737,333727,0,1253,213097,119214,0,3,160,True,87,634.11979,103.36641,True,False
data_set/j90.sm/j9023_7.sm,116537,252097,0,1107,159426,91401,0,0,163,True,77,462.0571,98.01158,True,False
data_set/j90.sm/j9023_8.sm,167899,359352,0,1287,223405,134497,0,0,163,True,92,644.44927,194.94191,True,False
data_set/j90.sm/j9023_9.sm,242278,535217,0,1903,353776,179375,0,0,163,True,126,1111.61392,153.81717,True,False
data_set/j90.sm/j9023_10.sm,150776,326236,0,1330,203007,121737,0,0,162,True,87,652.19261,91.34403,True,False
data_set/j90.sm/j9024_1.sm,198929,423253,0,1226,254990,166874,0,0,163,True,84,817.81939,151.49449,True,False
data_set/j90.sm/j9024_2.sm,149558,320565,0,1676,197293,121433,0,10,153,True,92,656.93543,149.77697,True,False
data_set/j90.sm/j9024_3.sm,163860,340910,0,1049,200290,139408,0,1,162,True,69,728.30684,103.12409,True,False
data_set/j90.sm/j9024_4.sm,164833,353633,0,1336,220030,132104,0,0,163,True,81,615.65828,115.03518,True,False
data_set/j90.sm/j9024_5.sm,179522,377937,0,1270,226614,149891,0,0,162,True,85,898.2502,138.67355,True,False
data_set/j90.sm/j9024_6.sm,144486,303964,0,954,181559,121288,0,0,163,True,79,549.56714,101.26008,True,False
data_set/j90.sm/j9024_7.sm,210396,441800,0,1150,263806,176681,0,0,163,True,87,782.01176,118.2244,True,False
data_set/j90.sm/j9024_8.sm,202763,428468,0,1247,258006,169052,0,1,162,True,88,779.11309,130.71113,True,False
data_set/j90.sm/j9024_9.sm,126362,266671,0,1285,160659,104564,0,0,163,True,80,607.37713,175.23269,True,False
data_set/j90.sm/j9024_10.sm,203376,432897,0,1306,263391,168037,0,0,163,True,89,930.10961,222.56853,True,False
data_set/j90.sm/j9025_1.sm,289866,632883,0,1771,427700,203249,0,0,163,False,0,1818.98471,0,False,True
data_set/j90.sm/j9025_2.sm,293196,642615,0,1863,436376,204213,0,0,163,False,0,1529.57752,0,False,True
data_set/j90.sm/j9025_3.sm,274432,603313,0,1689,410792,190669,0,0,163,False,0,1416.30207,0,False,True
data_set/j90.sm/j9025_4.sm,305147,671734,0,1877,455154,214540,0,0,163,False,0,1723.66191,0,False,True
data_set/j90.sm/j9025_5.sm,267346,581346,0,1335,387287,192561,0,0,163,False,0,1206.07147,0,False,True
data_set/j90.sm/j9025_6.sm,289418,629850,0,1475,418384,209828,0,0,163,False,0,1284.37008,0,False,True
data_set/j90.sm/j9025_7.sm,310138,679376,0,1493,455661,222059,0,0,163,False,0,1558.94306,0,False,True
data_set/j90.sm/j9025_8.sm,345776,762832,0,2029,519459,241181,0,0,163,False,0,1728.31843,0,False,True
data_set/j90.sm/j9025_9.sm,237397,514178,0,1341,344569,168105,0,0,163,False,0,1046.28643,0,False,True
data_set/j90.sm/j9025_10.sm,301388,659888,0,1721,449471,208533,0,0,163,False,0,2022.49386,0,False,True
data_set/j90.sm/j9026_1.sm,339363,702876,0,1252,417732,283729,0,0,163,True,90,1572.14273,441.37127,True,False
data_set/j90.sm/j9026_2.sm,229232,479526,0,1386,295732,182245,0,0,163,True,85,1020.44636,132974.54249,True,False
data_set/j90.sm/j9026_3.sm,250080,519798,0,1200,316259,202176,0,0,163,True,80,1390.18804,386.72369,True,False
data_set/j90.sm/j9026_4.sm,271780,575991,0,1709,361488,212631,0,0,163,True,97,1113.31402,101873.29021,True,False
data_set/j90.sm/j9026_5.sm,221939,467016,0,1444,292053,173356,0,6,157,False,0,1177.97381,0,False,True
data_set/j90.sm/j9026_6.sm,407071,847764,0,1369,512008,334224,0,0,163,True,108,1702.26241,318.55936,True,False
data_set/j90.sm/j9026_7.sm,233553,488656,0,1339,301988,185166,0,1,162,True,82,933.00384,2434.86944,True,False
data_set/j90.sm/j9026_8.sm,223507,466764,0,1250,283638,181713,0,0,163,True,82,954.38175,421668.54363,True,False
data_set/j90.sm/j9026_9.sm,279557,585939,0,1363,361180,223233,0,0,163,True,87,1289.98208,1273.5003,True,False
data_set/j90.sm/j9026_10.sm,349173,720469,0,1367,426759,292184,0,0,159,True,92,1508.77849,312.87303,True,False
data_set/j90.sm/j9027_1.sm,280151,587317,0,1608,357814,227732,0,0,163,True,96,1347.75141,199.82247,True,False
data_set/j90.sm/j9027_2.sm,298166,614551,0,1313,360344,252731,0,0,163,True,81,1334.94942,336.67209,True,False
data_set/j90.sm/j9027_3.sm,308873,644792,0,1712,390023,252894,0,0,163,True,91,1475.37711,383.83135,True,False
data_set/j90.sm/j9027_4.sm,317536,652871,0,1295,381211,270202,0,5,158,True,79,1371.58048,281.95724,True,False
data_set/j90.sm/j9027_5.sm,391299,808194,0,1298,476587,330146,0,0,163,True,99,1711.42995,555.12169,True,False
data_set/j90.sm/j9027_6.sm,332370,685325,0,1267,403865,280030,0,0,163,True,87,1365.85261,348.43987,True,False
data_set/j90.sm/j9027_7.sm,210967,431176,0,1187,251449,178381,0,38,121,True,73,838.81452,181.33374,True,False
data_set/j90.sm/j9027_8.sm,313250,639355,0,856,368264,270072,0,0,163,True,72,1219.22586,259.59808,True,False
data_set/j90.sm/j9027_9.sm,320531,656778,0,1119,381735,273761,2,4,157,True,84,1216.88191,835.22964,True,False
data_set/j90.sm/j9027_10.sm,371761,768221,0,1209,456993,309856,0,0,163,True,97,1682.93567,365.96474,True,False
data_set/j90.sm/j9028_1.sm,358702,728628,0,1299,409607,317559,0,0,163,True,80,1454.20372,329.40646,True,False
data_set/j90.sm/j9028_2.sm,328666,668067,0,1189,376437,290278,0,4,159,True,76,1343.78675,250.26441,True,False
data_set/j90.sm/j9028_3.sm,370295,763205,0,1543,443825,317676,0,5,156,True,86,1607.87082,134.87455,True,False
data_set/j90.sm/j9028_4.sm,252672,515807,0,1300,296550,217798,0,13,146,True,78,959.91106,89.34605,True,False
data_set/j90.sm/j9028_5.sm,442531,901312,0,1065,508292,391792,0,0,163,True,88,2322.78529,316.9565,True,False
data_set/j90.sm/j9028_6.sm,437928,896244,0,1174,512754,382153,0,0,163,True,102,2150.13896,175.17103,True,False
data_set/j90.sm/j9028_7.sm,427061,876801,0,1613,506324,368701,0,0,163,True,97,2274.37576,426.81706,True,False
data_set/j90.sm/j9028_8.sm,473545,982864,0,1764,579225,401712,0,0,163,True,110,2629.84028,398.39633,True,False
data_set/j90.sm/j9028_9.sm,667577,1375770,0,1810,796148,577649,0,0,163,True,120,3806.62978,404.54521,True,False
data_set/j90.sm/j9028_10.sm,272266,549436,0,994,306917,241362,3,7,153,True,68,1355.34547,272.31795,True,False
data_set/j90.sm/j9029_1.sm,464142,985108,0,1807,642296,340842,0,0,163,False,0,2725.10661,0,False,True
data_set/j90.sm/j9029_2.sm,484132,1020025,0,1528,652163,366171,0,0,163,False,0,2744.73167,0,False,True
data_set/j90.sm/j9029_3.sm,498209,1062405,0,1918,696720,363604,0,0,163,False,0,2719.32139,0,False,True
data_set/j90.sm/j9029_4.sm,511549,1091724,0,2097,726207,363257,0,0,163,False,0,3244.08706,0,False,True
data_set/j90.sm/j9029_5.sm,494830,1039177,0,1439,657489,380086,0,0,163,False,0,2945.43747,0,False,True
data_set/j90.sm/j9029_6.sm,516396,1089726,0,1616,692842,395105,0,0,163,False,0,2586.39651,0,False,True
data_set/j90.sm/j9029_7.sm,599131,1288934,0,2355,871551,414865,0,0,163,False,0,3570.90146,0,False,True
data_set/j90.sm/j9029_8.sm,558704,1193346,0,1954,783295,407934,0,0,163,False,0,2769.34671,0,False,True
data_set/j90.sm/j9029_9.sm,464603,983756,0,1598,637837,344158,0,0,163,False,0,2144.9712,0,False,True
data_set/j90.sm/j9029_10.sm,473976,998782,0,1503,637120,359996,0,0,163,False,0,2511.02262,0,False,True
data_set/j90.sm/j9030_1.sm,580619,1188916,0,1165,698439,489149,0,0,163,True,102,3143.59975,802.62789,True,False
data_set/j90.sm/j9030_2.sm,384852,781765,0,909,453289,327404,5,0,158,True,76,1946.15145,824.58748,True,False
data_set/j90.sm/j9030_3.sm,460777,953324,0,1400,576609,375152,0,0,163,True,102,2130.1793,1731.38192,True,False
data_set/j90.sm/j9030_4.sm,489942,1010021,0,1547,606159,402152,0,0,163,True,104,2088.24403,4415.00074,True,False
data_set/j90.sm/j9030_5.sm,372104,766513,0,1403,459836,305111,0,0,163,False,0,1780.09629,0,False,True
data_set/j90.sm/j9030_6.sm,546163,1115672,0,1405,649026,465078,0,0,163,True,90,2245.90031,636.04519,True,False
data_set/j90.sm/j9030_7.sm,342014,698252,0,1162,412733,284194,0,3,160,False,0,1264.11527,0,False,True
data_set/j90.sm/j9030_8.sm,449478,916729,0,1081,529607,385878,0,0,163,True,82,1821.76713,1863.39766,True,False
data_set/j90.sm/j9030_9.sm,412779,851429,0,1489,507378,342399,0,0,163,False,0,1550.70817,0,False,True
data_set/j90.sm/j9030_10.sm,416585,855736,0,1687,513134,340752,0,0,163,True,90,1751.32964,932.07288,True,False
data_set/j90.sm/j9031_1.sm,386055,780142,0,1051,444411,334517,0,14,149,True,79,1560.26564,487.48022,True,False
data_set/j90.sm/j9031_2.sm,379630,770085,0,1243,440157,328522,0,16,147,True,69,1918.61142,826.6546,True,False
data_set/j90.sm/j9031_3.sm,695458,1417013,0,1414,809470,605966,0,0,163,True,106,3244.1541,603.80924,True,False
data_set/j90.sm/j9031_4.sm,482764,976302,0,1226,551102,423811,0,13,150,True,79,2168.84498,618.48563,True,False
data_set/j90.sm/j9031_5.sm,508088,1030638,0,1116,585527,443832,0,6,157,True,79,2502.33439,521.23486,True,False
data_set/j90.sm/j9031_6.sm,417454,846701,0,1386,483477,361675,0,10,153,True,80,1668.94206,978.10474,True,False
data_set/j90.sm/j9031_7.sm,713932,1448605,0,1257,816573,630612,0,0,163,True,97,2963.3091,472.21253,True,False
data_set/j90.sm/j9031_8.sm,526629,1068075,0,1235,607513,459164,0,1,162,True,83,2240.61575,612.48391,True,False
data_set/j90.sm/j9031_9.sm,417854,845317,0,1085,476966,367103,0,8,155,True,72,2102.12777,632.59533,True,False
data_set/j90.sm/j9031_10.sm,602837,1232206,0,1437,715437,515169,0,0,163,True,99,2595.13615,725.11792,True,False
data_set/j90.sm/j9032_1.sm,567241,1141009,0,1275,625016,514556,0,28,134,True,78,2831.30938,446.41895,True,False
data_set/j90.sm/j9032_2.sm,635021,1276042,0,1370,692621,581888,0,12,151,True,78,2725.24004,234.94212,True,False
data_set/j90.sm/j9032_3.sm,740206,1494271,0,1326,822596,670186,0,0,163,True,89,3921.00491,214.41987,True,False
data_set/j90.sm/j9032_4.sm,726698,1479966,0,1834,839342,638627,0,0,163,True,104,3094.32507,177.31172,True,False
data_set/j90.sm/j9032_5.sm,549589,1113242,0,1421,623513,488145,0,0,163,True,93,2305.48557,323.50552,True,False
data_set/j90.sm/j9032_6.sm,624344,1260795,0,1176,699064,560392,0,0,163,True,86,3138.21223,361.08414,True,False
data_set/j90.sm/j9032_7.sm,649631,1308097,0,1240,714380,592316,0,0,161,True,87,3503.62425,464.25965,True,False
data_set/j90.sm/j9032_8.sm,565483,1135406,0,1097,621300,512846,0,0,163,True,79,2904.19237,415.79762,True,False
data_set/j90.sm/j9032_9.sm,989535,1989351,0,1148,1075033,913007,0,0,163,True,95,4911.61506,388.77636,True,False
data_set/j90.sm/j9032_10.sm,707737,1433918,0,1318,804508,627929,6,0,157,True,91,3270.79543,411.60973,True,False
data_set/j90.sm/j9033_1.sm,52268,146806,0,1584,111652,33379,0,0,191,True,99,380.85596,174.48712,True,False
data_set/j90.sm/j9033_2.sm,57733,166456,0,1693,127891,36681,0,0,191,True,112,463.41337,34.48943,True,False
data_set/j90.sm/j9033_3.sm,54465,154965,0,1622,119690,33462,0,0,191,True,108,450.68103,31.94716,True,False
data_set/j90.sm/j9033_4.sm,44996,124987,0,1405,94620,28771,0,0,191,True,92,291.34378,43.03732,True,False
data_set/j90.sm/j9033_5.sm,51826,148217,0,1642,114304,32080,0,0,191,True,109,396.93322,86.68779,True,False
data_set/j90.sm/j9033_6.sm,41158,116926,0,1349,88329,27057,0,1,190,True,88,285.56979,23.54367,True,False
data_set/j90.sm/j9033_7.sm,51474,149068,0,1928,113887,33062,0,0,191,True,109,387.79075,64.64158,True,False
data_set/j90.sm/j9033_8.sm,57829,162931,0,1996,123077,37667,0,0,191,True,110,480.66513,106.20816,True,False
data_set/j90.sm/j9033_9.sm,40088,112432,0,1278,84504,26459,0,0,191,True,95,263.34828,68.11783,True,False
data_set/j90.sm/j9033_10.sm,54842,162471,0,2195,124871,35214,0,0,191,True,114,428.40288,57.85614,True,False
data_set/j90.sm/j9034_1.sm,36957,98740,0,1477,72172,24900,0,1,190,True,83,247.11033,21.96088,True,False
data_set/j90.sm/j9034_2.sm,56185,147790,0,1287,108082,38230,0,0,191,True,89,344.18113,45.9806,True,False
data_set/j90.sm/j9034_3.sm,35570,92773,0,1211,67266,24107,0,5,184,True,82,228.63813,26.64674,True,False
data_set/j90.sm/j9034_4.sm,35804,94017,0,1118,68322,24386,0,0,191,True,81,182.23284,23.79616,True,False
data_set/j90.sm/j9034_5.sm,43071,115456,0,1272,84143,29850,0,0,191,True,83,251.24002,34.00577,True,False
data_set/j90.sm/j9034_6.sm,43745,115697,0,1168,84368,29970,0,0,191,True,89,242.11565,36.26469,True,False
data_set/j90.sm/j9034_7.sm,55351,143235,0,1259,102481,39304,0,0,191,True,92,317.223,36.81142,True,False
data_set/j90.sm/j9034_8.sm,35420,92637,0,1300,67571,23575,0,24,167,True,81,195.8886,22.80544,True,False
data_set/j90.sm/j9034_9.sm,59241,161684,0,1443,120331,39719,0,0,191,True,109,454.45195,48.17363,True,False
data_set/j90.sm/j9034_10.sm,53166,143821,0,1213,106974,35443,0,0,191,True,101,344.0911,23.78829,True,False
data_set/j90.sm/j9035_1.sm,68918,182598,0,1959,129377,51071,0,0,191,True,98,492.60485,81.23388,True,False
data_set/j90.sm/j9035_2.sm,43869,116669,0,1418,85855,29205,0,0,191,True,92,263.36076,28.17006,True,False
data_set/j90.sm/j9035_3.sm,65352,172949,0,1861,125968,44929,0,0,191,True,96,412.7321,92.19266,True,False
data_set/j90.sm/j9035_4.sm,51309,132323,0,1407,94976,35749,0,0,191,True,86,279.09482,41.69112,True,False
data_set/j90.sm/j9035_5.sm,58348,156689,0,1837,112775,41886,0,0,191,True,103,375.97249,58.59359,True,False
data_set/j90.sm/j9035_6.sm,31760,81068,0,1253,57520,22108,12,8,167,True,72,168.36705,14.75832,True,False
data_set/j90.sm/j9035_7.sm,33293,85917,0,1297,62159,22270,5,11,175,True,78,180.86442,15.25201,True,False
data_set/j90.sm/j9035_8.sm,60598,155756,0,1420,111182,42963,0,0,191,True,85,378.28336,28.71072,True,False
data_set/j90.sm/j9035_9.sm,33314,85184,0,1080,60795,23118,0,8,183,True,76,196.65823,24.16915,True,False
data_set/j90.sm/j9035_10.sm,47242,123065,0,1364,88274,33236,0,0,191,True,82,259.83245,33.09834,True,False
data_set/j90.sm/j9036_1.sm,57720,146163,0,1416,103841,40715,0,0,191,True,97,371.09788,63.66344,True,False
data_set/j90.sm/j9036_2.sm,63325,167765,0,1843,120412,45319,0,0,191,True,114,447.25486,79.52982,True,False
data_set/j90.sm/j9036_3.sm,61255,152762,0,1512,105236,45823,0,0,191,True,84,418.85895,66.36155,True,False
data_set/j90.sm/j9036_4.sm,53260,133659,0,1268,92312,39888,0,0,191,True,79,285.88226,40.97725,True,False
data_set/j90.sm/j9036_5.sm,65322,165041,0,1301,115475,48074,0,0,191,True,98,400.99073,57.81144,True,False
data_set/j90.sm/j9036_6.sm,78312,195035,0,1844,134110,58890,0,0,191,True,99,442.72365,59.49676,True,False
data_set/j90.sm/j9036_7.sm,58512,147899,0,1344,103042,43322,0,0,191,True,89,313.11068,32.00157,True,False
data_set/j90.sm/j9036_8.sm,50072,123757,0,1154,85016,37396,0,0,191,True,84,241.82889,39.17765,True,False
data_set/j90.sm/j9036_9.sm,69989,182804,0,1844,129455,51314,0,0,191,True,102,449.9859,112.33658,True,False
data_set/j90.sm/j9036_10.sm,84234,215471,0,1758,151434,62088,0,0,191,True,109,541.15346,81.19777,True,False
data_set/j90.sm/j9037_1.sm,118750,277294,0,1544,196310,79249,0,0,191,True,110,623.27299,140913.03846,True,False
data_set/j90.sm/j9037_2.sm,142443,336211,0,1741,239717,94562,0,0,191,True,115,2024.39536,214046.71977,False,True
data_set/j90.sm/j9037_3.sm,166564,397378,0,1999,285921,109267,0,0,191,True,132,1119.14813,22748.52434,True,False
data_set/j90.sm/j9037_4.sm,142240,341310,0,1496,243660,95963,0,0,191,True,123,800.76479,53006.34064,True,False
data_set/j90.sm/j9037_5.sm,152730,369985,0,1851,267176,100767,0,0,191,True,126,822.6839,1777996.69449,True,False
data_set/j90.sm/j9037_6.sm,153777,370779,0,1986,263678,104924,0,0,191,False,0,850.44108,0,False,True
data_set/j90.sm/j9037_7.sm,130565,313283,0,1774,224711,86607,0,0,191,True,123,869.17741,11828.92607,True,False
data_set/j90.sm/j9037_8.sm,131147,312873,0,1531,222930,88221,0,0,191,True,119,732.10566,717936.88034,True,False
data_set/j90.sm/j9037_9.sm,135313,325195,0,1864,231122,92018,0,0,191,True,123,787.07656,17640.13003,True,False
data_set/j90.sm/j9037_10.sm,148889,357619,0,1816,257006,98606,0,0,191,True,123,824.2343,3478576.5552,True,False
data_set/j90.sm/j9038_1.sm,110961,246132,0,1556,160687,83702,0,0,187,True,85,459.02591,143.31666,True,False
data_set/j90.sm/j9038_2.sm,106358,231393,0,1433,150544,79225,2,8,181,True,78,461.63481,79.29913,True,False
data_set/j90.sm/j9038_3.sm,123648,272446,0,1392,178020,92843,0,0,191,True,89,496.28162,131.67514,True,False
data_set/j90.sm/j9038_4.sm,118437,263828,0,1533,175755,86349,0,0,191,True,89,471.48545,104.16487,True,False
data_set/j90.sm/j9038_5.sm,119551,268460,0,1552,177750,88967,0,0,191,True,86,509.27521,175.14245,True,False
data_set/j90.sm/j9038_6.sm,111434,246553,0,1436,162678,82248,0,0,191,True,88,475.14516,263.00243,True,False
data_set/j90.sm/j9038_7.sm,125585,276564,0,1315,181493,93565,0,0,191,True,85,622.66265,77.07719,True,False
data_set/j90.sm/j9038_8.sm,121988,268948,0,1435,176892,90430,0,5,186,True,91,498.28698,88.23117,True,False
data_set/j90.sm/j9038_9.sm,139179,314064,0,1579,208525,103769,0,0,191,True,95,737.07128,137.36924,True,False
data_set/j90.sm/j9038_10.sm,165322,373276,0,1537,249786,121762,0,0,191,True,108,785.03911,152.77574,True,False
data_set/j90.sm/j9039_1.sm,209870,461007,0,1501,297288,162027,0,0,191,True,106,1096.81378,132.80459,True,False
data_set/j90.sm/j9039_2.sm,210560,466617,0,2319,303404,160703,0,0,191,True,119,988.62907,107.09227,True,False
data_set/j90.sm/j9039_3.sm,115455,248054,0,1069,156590,90204,0,14,177,True,83,499.46204,51.02552,True,False
data_set/j90.sm/j9039_4.sm,149797,325232,0,1293,206801,116947,0,0,191,True,81,580.53868,119.78416,True,False
data_set/j90.sm/j9039_5.sm,118980,256304,0,1059,161192,93862,0,8,183,True,85,471.67674,142.71563,True,False
data_set/j90.sm/j9039_6.sm,184910,402408,0,1540,253617,147060,0,0,191,True,102,760.14848,149.34315,True,False
data_set/j90.sm/j9039_7.sm,129098,278291,0,1283,172674,104143,0,2,189,True,85,571.66177,129.3135,True,False
data_set/j90.sm/j9039_8.sm,119037,256904,0,1321,163129,92263,4,0,187,True,81,519.84786,84.76602,True,False
data_set/j90.sm/j9039_9.sm,145047,311098,0,1150,194349,115408,0,0,191,True,79,674.16236,78.38648,True,False
data_set/j90.sm/j9039_10.sm,170912,375450,0,1546,240428,133285,0,0,191,True,100,767.82898,85.48936,True,False
data_set/j90.sm/j9040_1.sm,202393,436657,0,1517,271650,163299,0,1,190,True,95,889.64386,94.98193,True,False
data_set/j90.sm/j9040_2.sm,164926,351747,0,1374,214387,135795,0,2,189,True,91,735.89781,100.55454,True,False
data_set/j90.sm/j9040_3.sm,152502,322812,0,1154,195302,126165,0,6,185,True,77,925.8748,36.08837,True,False
data_set/j90.sm/j9040_4.sm,202492,441240,0,1561,280798,158690,0,0,191,True,106,976.55951,113.95612,True,False
data_set/j90.sm/j9040_5.sm,212152,455083,0,1548,280440,172904,0,0,191,True,92,890.66513,251.53813,True,False
data_set/j90.sm/j9040_6.sm,162149,343013,0,1399,207983,133440,0,0,191,True,86,662.99346,105.01344,True,False
data_set/j90.sm/j9040_7.sm,154504,328712,0,1234,199917,127370,0,0,191,True,87,916.85659,87.54555,True,False
data_set/j90.sm/j9040_8.sm,155431,327312,0,1187,197504,128430,0,0,191,True,79,596.72644,67.13827,True,False
data_set/j90.sm/j9040_9.sm,201857,433004,0,1773,265650,165396,0,0,185,True,98,814.76608,125.32408,True,False
data_set/j90.sm/j9040_10.sm,167790,357660,0,1391,220778,135300,0,0,191,True,86,685.37967,130.08089,True,False
data_set/j90.sm/j9041_1.sm,310754,687228,0,1783,473942,211312,0,0,191,False,0,1571.23794,0,False,True
data_set/j90.sm/j9041_2.sm,349243,787406,0,2325,548815,236075,0,0,191,False,0,2147.83922,0,False,True
data_set/j90.sm/j9041_3.sm,336854,760337,0,2406,523421,234319,0,0,191,False,0,1878.65149,0,False,True
data_set/j90.sm/j9041_4.sm,349702,780844,0,1816,532770,246067,0,0,191,False,0,2087.12236,0,False,True
data_set/j90.sm/j9041_5.sm,261295,578011,0,1622,395867,180331,0,0,191,False,0,1534.37773,0,False,True
data_set/j90.sm/j9041_6.sm,287782,636095,0,1944,433144,200816,0,0,191,False,0,1557.94291,0,False,True
data_set/j90.sm/j9041_7.sm,333519,751688,0,2171,517696,231630,0,0,191,False,0,1928.09388,0,False,True
data_set/j90.sm/j9041_8.sm,334297,749931,0,1830,516367,231543,0,0,191,False,0,1873.01727,0,False,True
data_set/j90.sm/j9041_9.sm,285132,623340,0,1644,423369,198136,0,0,191,False,0,1444.41228,0,False,True
data_set/j90.sm/j9041_10.sm,339723,755267,0,1860,514614,238602,0,0,191,False,0,1908.47269,0,False,True
data_set/j90.sm/j9042_1.sm,282300,599597,0,1735,376913,220758,0,0,191,True,106,1223.4139,375.45909,True,False
data_set/j90.sm/j9042_2.sm,265405,562376,0,1417,356904,203864,0,0,191,True,102,1196.73073,130586.81111,True,False
data_set/j90.sm/j9042_3.sm,250007,524948,0,1731,321299,201731,0,8,179,True,94,1002.61986,842.84003,True,False
data_set/j90.sm/j9042_4.sm,262260,554585,0,1638,345837,206919,0,0,191,True,102,1109.07972,182.22588,True,False
data_set/j90.sm/j9042_5.sm,300267,635391,0,1461,393989,239750,0,0,191,True,105,1259.23292,405.2012,True,False
data_set/j90.sm/j9042_6.sm,273163,572094,0,1394,353655,216854,0,0,191,True,89,1190.74243,276.69801,True,False
data_set/j90.sm/j9042_7.sm,207274,436980,0,1578,274509,160702,0,8,183,True,87,835.73204,8085.13303,True,False
data_set/j90.sm/j9042_8.sm,377537,792503,0,1701,485441,305170,0,0,191,True,105,1723.0768,313.24411,True,False
data_set/j90.sm/j9042_9.sm,203582,428481,0,1240,267884,159166,0,0,191,True,83,783.76573,4342.43078,True,False
data_set/j90.sm/j9042_10.sm,239110,505796,0,1491,312421,191693,0,0,191,True,90,1056.77824,1580626.92726,True,False
data_set/j90.sm/j9043_1.sm,302059,634811,0,1567,388423,244630,0,0,191,True,99,1213.46003,157.26339,True,False
data_set/j90.sm/j9043_2.sm,293884,611243,0,1659,367870,241523,0,0,191,True,91,1290.93891,264.96193,True,False
data_set/j90.sm/j9043_3.sm,408511,850386,0,1426,508135,340634,0,0,191,True,102,1726.90623,244.3502,True,False
data_set/j90.sm/j9043_4.sm,335005,698095,0,1915,419514,276478,0,0,188,True,94,1432.37367,259.20182,True,False
data_set/j90.sm/j9043_5.sm,326788,676269,0,1236,403057,271785,0,4,187,True,98,1325.85442,210.98445,True,False
data_set/j90.sm/j9043_6.sm,397108,834412,0,1683,515024,317514,0,0,191,True,114,1746.98711,197.57711,True,False
data_set/j90.sm/j9043_7.sm,229568,475487,0,1434,284483,189379,0,17,174,True,88,874.40688,346.36761,True,False
data_set/j90.sm/j9043_8.sm,356689,743451,0,1365,446549,295346,0,0,191,True,100,1462.03473,260.87573,True,False
data_set/j90.sm/j9043_9.sm,305933,634164,0,1364,379168,253441,0,0,191,True,88,1280.29298,222.13169,True,False
data_set/j90.sm/j9043_10.sm,316503,656601,0,1323,390138,264949,0,0,191,True,92,1280.64392,226.84175,True,False
data_set/j90.sm/j9044_1.sm,406519,839349,0,1539,491290,346329,0,0,191,True,100,1604.3018,182.55843,True,False
data_set/j90.sm/j9044_2.sm,316762,651382,0,1302,380164,269725,0,0,191,True,92,1306.29646,194.95778,True,False
data_set/j90.sm/j9044_3.sm,448795,930658,0,2107,550796,377564,0,0,191,True,110,2089.67683,235.36552,True,False
data_set/j90.sm/j9044_4.sm,388789,795767,0,1623,454145,339808,0,1,190,True,89,1731.47337,342.50101,True,False
data_set/j90.sm/j9044_5.sm,301230,614557,0,1363,353082,259922,0,1,189,True,84,1164.68405,209.61257,True,False
data_set/j90.sm/j9044_6.sm,330904,683806,0,1532,400331,281752,0,0,191,True,96,1455.34792,286.13383,True,False
data_set/j90.sm/j9044_7.sm,415917,858652,0,1704,503786,352971,0,0,191,True,93,1730.56368,176.25217,True,False
data_set/j90.sm/j9044_8.sm,402951,832164,0,1654,485427,344892,0,6,185,True,99,1587.85318,192.41183,True,False
data_set/j90.sm/j9044_9.sm,411314,848594,0,1468,496482,350453,0,0,191,True,96,1860.76965,175.98472,True,False
data_set/j90.sm/j9044_10.sm,377628,774152,0,1277,443698,328986,0,0,191,True,86,1571.14509,238.05924,True,False
data_set/j90.sm/j9045_1.sm,471695,1003113,0,1761,652933,348228,0,0,191,False,0,2132.85417,0,False,True
data_set/j90.sm/j9045_2.sm,544951,1160284,0,1776,762230,396087,0,0,191,False,0,2617.39496,0,False,True
data_set/j90.sm/j9045_3.sm,517154,1111139,0,2062,743112,365774,0,0,191,False,0,2528.09062,0,False,True
data_set/j90.sm/j9045_4.sm,466868,992119,0,1671,658414,331843,0,0,191,False,0,2640.39212,0,False,True
data_set/j90.sm/j9045_5.sm,594280,1284904,0,2431,859341,422941,0,0,191,False,0,3203.99527,0,False,True
